product_gid,product_id,variant_gid,variant_id,product_title,handle,status,online_store_url,created_at,updated_at,vendor,product_type,category,tags,product_options_json,variant_title,selected_options_json,sku,barcode,price,compare_at_price,unit_cost,currency,item_cost_only_headroom_pct,inventory_quantity,inventory_locations,inventory_policy,available_for_sale,inventory_tracked,requires_shipping,taxable,weight_value,weight_unit,origin_country,hs_code,media_count,featured_image_url,featured_image_alt,featured_image_width,featured_image_height,dsers_mapping_evidence,candidate_status,risk_flags,explicit_unknowns
gid://shopify/Product/9351137394938,9351137394938,gid://shopify/ProductVariant/49985110016250,49985110016250,Trustfire GM23 Tactical Flashlight — 800 Lumen LED Mini Light,trustfire-gm23-tactical-flashlight-800-lumen-led-mini-light,ACTIVE,https://checkout.puchica.ca/products/trustfire-gm23-tactical-flashlight-800-lumen-led-mini-light,2026-08-05T09:23:52Z,2026-08-07T07:36:05Z,Puchica,Power Tools,Hardware > Tools > Flashlights & Headlamps > Flashlights > Handheld Torches,puchica-collection-electronics | puchica-launch-ready | wave3,"[{""name"": ""Title"", ""values"": [""Default Title""]}]",Default Title,"[{""name"": ""Title"", ""value"": ""Default Title""}]",PUCHICA-1005007802174688,,77.53,116.30,31.01,CAD,60.00,999,woodland:0 | DropCommerceV2:999,DENY,True,True,True,True,0.0,GRAMS,,,1,https://cdn.shopify.com/s/files/1/0842/2644/1466/files/Sb6e774317ae842ffb43ce4a176269740Q_jpg_960x960q75_jpg.avif?v=1785990947,,960,960,supplier-formatted SKU + unit cost only; DSers mapping not proven,exclude from low-risk organization/travel cohort,unsupported launch-ready tag | synthetic-looking 1.5x compare-at price | placeholder-like inventory 999 | zero/missing shipping weight | origin country missing | HS code missing | single Default Title variant | title exceeds 60 characters | fewer than 3 product media items | brand/trademark authorization unknown | electrical/battery compliance and warranty risk | published to Online Store in Shopify,exact current supplier listing and option mapping | ordinary supplier item price freshness | Canada shipping cost/method/ETA/tracking | US shipping cost/method/ETA/tracking | duties/brokerage treatment | defect/refund reserve | payment-fee and active-discount contribution margin | supplier stock freshness and warehouse origin | product/image usage rights | sample quality and packaging
gid://shopify/Product/9351188906234,9351188906234,gid://shopify/ProductVariant/49985180074234,49985180074234,"Ultra Thin Smart Watch Men 1.96"" AMOLED HD Display — Bluetooth Call",ultra-thin-smart-watch-men-1-96-amoled-hd-display-bluetooth-call,ACTIVE,https://checkout.puchica.ca/products/ultra-thin-smart-watch-men-1-96-amoled-hd-display-bluetooth-call,2026-08-05T09:40:08Z,2026-08-07T07:36:04Z,Puchica,Smart Home,,2026-08-05 | 4000-sold | ae-sourcing | high-ticket | puchica-collection-electronics | puchica-launch-ready | wave3,"[{""name"": ""Title"", ""values"": [""Default Title""]}]",Default Title,"[{""name"": ""Title"", ""value"": ""Default Title""}]",PUCH-1005008584203545,,96.25,144.38,38.5,CAD,60.00,999,woodland:999,DENY,True,True,True,True,0.0,GRAMS,,,1,https://cdn.shopify.com/s/files/1/0842/2644/1466/files/1005008584203545.avif?v=1785922848,PUCHICA Ultra Thin Smart Watch Men 1.96 inch AMOLED HD Display - Bluetooth Call,480,480,supplier-formatted SKU + unit cost only; DSers mapping not proven,exclude from low-risk organization/travel cohort,unsupported launch-ready tag | synthetic-looking 1.5x compare-at price | placeholder-like inventory 999 | zero/missing shipping weight | origin country missing | HS code missing | single Default Title variant | title exceeds 60 characters | fewer than 3 product media items | electrical/battery compliance and warranty risk | health/performance claims need substantiation | elevated safety/returns/support risk | published to Online Store in Shopify,exact current supplier listing and option mapping | ordinary supplier item price freshness | Canada shipping cost/method/ETA/tracking | US shipping cost/method/ETA/tracking | duties/brokerage treatment | defect/refund reserve | payment-fee and active-discount contribution margin | supplier stock freshness and warehouse origin | product/image usage rights | sample quality and packaging
gid://shopify/Product/9351188611322,9351188611322,gid://shopify/ProductVariant/49985179779322,49985179779322,Baseus Bass EP10 NC -43dB Active Noise Cancelling Wireless Earbuds,baseus-bass-ep10-nc-43db-active-noise-cancelling-wireless-earbuds,ACTIVE,https://checkout.puchica.ca/products/baseus-bass-ep10-nc-43db-active-noise-cancelling-wireless-earbuds,2026-08-05T09:40:04Z,2026-08-07T07:36:04Z,Puchica,Audio Electronics,Electronics > Audio > Audio Components > Headphones & Headsets > Headphones > In-Ear Headphones,10000-sold | 2026-08-05 | ae-sourcing | high-ticket | puchica-collection-electronics | puchica-launch-ready | wave3,"[{""name"": ""Title"", ""values"": [""Default Title""]}]",Default Title,"[{""name"": ""Title"", ""value"": ""Default Title""}]",PUCH-1005010579452804,,170.00,255.00,68.0,CAD,60.00,999,woodland:999,DENY,True,True,True,True,0.0,GRAMS,,,2,https://cdn.shopify.com/s/files/1/0842/2644/1466/files/Sa802af2e290b4ffdb151cacc25733ef8x.avif?v=1785991480,,800,800,supplier-formatted SKU + unit cost only; DSers mapping not proven,exclude from low-risk organization/travel cohort,unsupported launch-ready tag | synthetic-looking 1.5x compare-at price | placeholder-like inventory 999 | zero/missing shipping weight | origin country missing | HS code missing | single Default Title variant | title exceeds 60 characters | fewer than 3 product media items | brand/trademark authorization unknown | electrical/battery compliance and warranty risk | published to Online Store in Shopify,exact current supplier listing and option mapping | ordinary supplier item price freshness | Canada shipping cost/method/ETA/tracking | US shipping cost/method/ETA/tracking | duties/brokerage treatment | defect/refund reserve | payment-fee and active-discount contribution margin | supplier stock freshness and warehouse origin | product/image usage rights | sample quality and packaging
gid://shopify/Product/9351188709626,9351188709626,gid://shopify/ProductVariant/49985179877626,49985179877626,Professional Japanese Kitchen Knives Set — Stainless Steel 6-Piece,professional-japanese-kitchen-knives-set-stainless-steel-6-piece,ACTIVE,https://checkout.puchica.ca/products/professional-japanese-kitchen-knives-set-stainless-steel-6-piece,2026-08-05T09:40:05Z,2026-08-07T07:36:03Z,Puchica,Kitchen Appliances,Home & Garden > Kitchen & Dining > Kitchen Tools & Utensils > Kitchen Knives > Knife Sets,10000-sold | 2026-08-05 | ae-sourcing | high-ticket | puchica-collection-home-lifestyle | puchica-launch-ready | wave4,"[{""name"": ""Title"", ""values"": [""Default Title""]}]",Default Title,"[{""name"": ""Title"", ""value"": ""Default Title""}]",PUCH-1005007678160205,,100.20,150.30,40.08,CAD,60.00,999,woodland:999,DENY,True,True,True,True,0.0,GRAMS,,,1,https://cdn.shopify.com/s/files/1/0842/2644/1466/files/1005007678160205.avif?v=1785922842,PUCHICA Professional Japanese Kitchen Knives Set - Stainless Steel 6-Piece,480,480,supplier-formatted SKU + unit cost only; DSers mapping not proven,exclude from low-risk organization/travel cohort,unsupported launch-ready tag | synthetic-looking 1.5x compare-at price | placeholder-like inventory 999 | zero/missing shipping weight | origin country missing | HS code missing | single Default Title variant | title exceeds 60 characters | fewer than 3 product media items | elevated safety/returns/support risk | published to Online Store in Shopify,exact current supplier listing and option mapping | ordinary supplier item price freshness | Canada shipping cost/method/ETA/tracking | US shipping cost/method/ETA/tracking | duties/brokerage treatment | defect/refund reserve | payment-fee and active-discount contribution margin | supplier stock freshness and warehouse origin | product/image usage rights | sample quality and packaging
gid://shopify/Product/9351137427706,9351137427706,gid://shopify/ProductVariant/49985110049018,49985110049018,Double Hammock Canvas — 2 Person Outdoor Hammock with Tree Straps,double-hammock-canvas-2-person-outdoor-hammock-with-tree-straps,ACTIVE,https://checkout.puchica.ca/products/double-hammock-canvas-2-person-outdoor-hammock-with-tree-straps,2026-08-05T09:23:53Z,2026-08-07T07:36:03Z,Puchica,Outdoor Recreation,,puchica-collection-outdoor-travel | puchica-launch-ready | wave6,"[{""name"": ""Title"", ""values"": [""Default Title""]}]",Default Title,"[{""name"": ""Title"", ""value"": ""Default Title""}]",PUCHICA-1005005992123598,,72.95,109.43,29.18,CAD,60.00,999,woodland:0 | DropCommerceV2:999,DENY,True,True,True,True,0.0,GRAMS,,,1,https://cdn.shopify.com/s/files/1/0842/2644/1466/files/1005005992123598.jpg?v=1785921848,PUCHICA Double Hammock Canvas - 2 Person Outdoor Hammock with Tree Straps,480,480,supplier-formatted SKU + unit cost only; DSers mapping not proven,research-only backup; not low-risk enough for launch cohort,unsupported launch-ready tag | synthetic-looking 1.5x compare-at price | placeholder-like inventory 999 | zero/missing shipping weight | origin country missing | HS code missing | single Default Title variant | title exceeds 60 characters | fewer than 3 product media items | elevated safety/returns/support risk | published to Online Store in Shopify,exact current supplier listing and option mapping | ordinary supplier item price freshness | Canada shipping cost/method/ETA/tracking | US shipping cost/method/ETA/tracking | duties/brokerage treatment | defect/refund reserve | payment-fee and active-discount contribution margin | supplier stock freshness and warehouse origin | product/image usage rights | sample quality and packaging
gid://shopify/Product/9351191822586,9351191822586,gid://shopify/ProductVariant/49985186267386,49985186267386,Original Lenovo GM2 Pro TWS Wireless Earbuds (LP40-compatible),original-lenovo-gm2-pro-tws-wireless-earbuds,ACTIVE,https://checkout.puchica.ca/products/original-lenovo-gm2-pro-tws-wireless-earbuds,2026-08-05T09:48:31Z,2026-08-07T07:36:02Z,Puchica,Audio Electronics,,ae-sourced | high-ticket | puchica | puchica-collection-electronics | puchica-launch-ready | trending | wave3 | wireless-earbuds,"[{""name"": ""Title"", ""values"": [""Default Title""]}]",Default Title,"[{""name"": ""Title"", ""value"": ""Default Title""}]",PUCHICA-1005012034871696,,107.80,161.70,43.12,CAD,60.00,999,woodland:999,DENY,True,True,True,True,0.0,GRAMS,,,1,https://cdn.shopify.com/s/files/1/0842/2644/1466/files/cba2c3091b636e2f8fa4b1d3c4e507bd.avif?v=1785923313,PUCHICA Original Lenovo LP40 Pro TWS Wireless Earbuds,480,480,supplier-formatted SKU + unit cost only; DSers mapping not proven,exclude from low-risk organization/travel cohort,unsupported launch-ready tag | unsupported trending tag | synthetic-looking 1.5x compare-at price | placeholder-like inventory 999 | zero/missing shipping weight | origin country missing | HS code missing | single Default Title variant | title exceeds 60 characters | fewer than 3 product media items | brand/trademark authorization unknown | electrical/battery compliance and warranty risk | published to Online Store in Shopify,exact current supplier listing and option mapping | ordinary supplier item price freshness | Canada shipping cost/method/ETA/tracking | US shipping cost/method/ETA/tracking | duties/brokerage treatment | defect/refund reserve | payment-fee and active-discount contribution margin | supplier stock freshness and warehouse origin | product/image usage rights | sample quality and packaging
gid://shopify/Product/9351189004538,9351189004538,gid://shopify/ProductVariant/49985180172538,49985180172538,Wireless Milk Frother — USB Rechargeable 3-Speed Electric Whisk,wireless-milk-frother-usb-rechargeable-3-speed-electric-whisk,ACTIVE,https://checkout.puchica.ca/products/wireless-milk-frother-usb-rechargeable-3-speed-electric-whisk,2026-08-05T09:40:11Z,2026-08-07T07:36:01Z,Puchica,Kitchen Appliances,,2000-sold | 2026-08-05 | ae-sourcing | high-ticket | puchica-collection-health-beauty | puchica-launch-ready | wave5,"[{""name"": ""Title"", ""values"": [""Default Title""]}]",Default Title,"[{""name"": ""Title"", ""value"": ""Default Title""}]",PUCH-1005007286327756,,68.97,103.45,27.59,CAD,60.00,999,woodland:999,DENY,True,True,True,True,0.0,GRAMS,,,1,https://cdn.shopify.com/s/files/1/0842/2644/1466/files/1005007286327756.avif?v=1785922852,PUCHICA Wireless Milk Frother - USB Rechargeable 3-Speed Electric Whisk,480,480,supplier-formatted SKU + unit cost only; DSers mapping not proven,exclude from low-risk organization/travel cohort,unsupported launch-ready tag | synthetic-looking 1.5x compare-at price | placeholder-like inventory 999 | zero/missing shipping weight | origin country missing | HS code missing | single Default Title variant | title exceeds 60 characters | fewer than 3 product media items | electrical/battery compliance and warranty risk | published to Online Store in Shopify,exact current supplier listing and option mapping | ordinary supplier item price freshness | Canada shipping cost/method/ETA/tracking | US shipping cost/method/ETA/tracking | duties/brokerage treatment | defect/refund reserve | payment-fee and active-discount contribution margin | supplier stock freshness and warehouse origin | product/image usage rights | sample quality and packaging
gid://shopify/Product/9351188873466,9351188873466,gid://shopify/ProductVariant/49985180041466,49985180041466,Oral Irrigator — 3 Cleaning Modes Portable Rechargeable Dental Water Jet,oral-irrigator-3-cleaning-modes-portable-rechargeable-dental-water-jet,ACTIVE,https://checkout.puchica.ca/products/oral-irrigator-3-cleaning-modes-portable-rechargeable-dental-water-jet,2026-08-05T09:40:07Z,2026-08-07T07:36:01Z,Puchica,Personal Care,,2026-08-05 | 5000-sold | ae-sourcing | high-ticket | puchica-collection-health-beauty | puchica-launch-ready | wave5,"[{""name"": ""Title"", ""values"": [""Default Title""]}]",Default Title,"[{""name"": ""Title"", ""value"": ""Default Title""}]",PUCH-1005008784354110,,64.88,97.32,25.95,CAD,60.00,999,woodland:999,DENY,True,True,True,True,0.0,GRAMS,,,1,https://cdn.shopify.com/s/files/1/0842/2644/1466/files/1005008784354110.avif?v=1785922847,PUCHICA Oral Irrigator - 3 Cleaning Modes Portable Rechargeable Dental Water Jet,480,480,supplier-formatted SKU + unit cost only; DSers mapping not proven,exclude from low-risk organization/travel cohort,unsupported launch-ready tag | synthetic-looking 1.5x compare-at price | placeholder-like inventory 999 | zero/missing shipping weight | origin country missing | HS code missing | single Default Title variant | title exceeds 60 characters | fewer than 3 product media items | electrical/battery compliance and warranty risk | health/performance claims need substantiation | published to Online Store in Shopify,exact current supplier listing and option mapping | ordinary supplier item price freshness | Canada shipping cost/method/ETA/tracking | US shipping cost/method/ETA/tracking | duties/brokerage treatment | defect/refund reserve | payment-fee and active-discount contribution margin | supplier stock freshness and warehouse origin | product/image usage rights | sample quality and packaging
gid://shopify/Product/9351188840698,9351188840698,gid://shopify/ProductVariant/49985180008698,49985180008698,"Solar Air Purifier — Filter-Free Automatic Air Cleaner with USB Charging for Home, Office & Car",solar-air-purifier-automatic-operation-no-filters-needed,ACTIVE,https://checkout.puchica.ca/products/solar-air-purifier-automatic-operation-no-filters-needed,2026-08-05T09:40:07Z,2026-08-07T07:33:45Z,Puchica,Home Appliances,,2026-08-05 | 5000-sold | ae-sourcing | high-ticket | puchica-collection-home-lifestyle | puchica-launch-ready | wave4,"[{""name"": ""Title"", ""values"": [""Default Title""]}]",Default Title,"[{""name"": ""Title"", ""value"": ""Default Title""}]",PUCH-1005009716398552,,89.77,134.66,35.91,CAD,60.00,999,woodland:999,DENY,True,True,True,True,0.0,GRAMS,,,1,https://cdn.shopify.com/s/files/1/0842/2644/1466/files/1005009716398552.avif?v=1785922845,"PUCHICA Solar Air Purifier - Automatic Operation, No Filters Needed",480,480,supplier-formatted SKU + unit cost only; DSers mapping not proven,exclude from low-risk organization/travel cohort,unsupported launch-ready tag | synthetic-looking 1.5x compare-at price | placeholder-like inventory 999 | zero/missing shipping weight | origin country missing | HS code missing | single Default Title variant | title exceeds 60 characters | fewer than 3 product media items | electrical/battery compliance and warranty risk | health/performance claims need substantiation | published to Online Store in Shopify,exact current supplier listing and option mapping | ordinary supplier item price freshness | Canada shipping cost/method/ETA/tracking | US shipping cost/method/ETA/tracking | duties/brokerage treatment | defect/refund reserve | payment-fee and active-discount contribution margin | supplier stock freshness and warehouse origin | product/image usage rights | sample quality and packaging
gid://shopify/Product/9351188742394,9351188742394,gid://shopify/ProductVariant/49985179910394,49985179910394,USB Portable Water Flosser — 200ML Cordless Oral Irrigator with 4 Nozzles for Travel & Home Use,usb-portable-oral-irrigator-water-flosser-200ml-4-nozzles,ACTIVE,https://checkout.puchica.ca/products/usb-portable-oral-irrigator-water-flosser-200ml-4-nozzles,2026-08-05T09:40:06Z,2026-08-07T07:33:43Z,Puchica,Personal Care,Health & Beauty > Personal Care > Oral Care > Dental Water Jets,2026-08-05 | 5000-sold | ae-sourcing | high-ticket | puchica-collection-health-beauty | puchica-launch-ready | wave5,"[{""name"": ""Title"", ""values"": [""Default Title""]}]",Default Title,"[{""name"": ""Title"", ""value"": ""Default Title""}]",PUCH-1005006925084100,,129.65,194.48,51.86,CAD,60.00,999,dsers-fulfillment-service:999,DENY,True,True,True,True,0.0,GRAMS,,,1,https://cdn.shopify.com/s/files/1/0842/2644/1466/files/S2cd9d4f4272348a9b327ff0747616962X.webp?v=1785993007,,800,800,DSers fulfillment location only; exact mapping not independently verified,exclude from low-risk organization/travel cohort,unsupported launch-ready tag | synthetic-looking 1.5x compare-at price | placeholder-like inventory 999 | zero/missing shipping weight | origin country missing | HS code missing | single Default Title variant | title exceeds 60 characters | fewer than 3 product media items | electrical/battery compliance and warranty risk | health/performance claims need substantiation | published to Online Store in Shopify,exact current supplier listing and option mapping | ordinary supplier item price freshness | Canada shipping cost/method/ETA/tracking | US shipping cost/method/ETA/tracking | duties/brokerage treatment | defect/refund reserve | payment-fee and active-discount contribution margin | supplier stock freshness and warehouse origin | product/image usage rights | sample quality and packaging
gid://shopify/Product/9351895711994,9351895711994,gid://shopify/ProductVariant/49987796762874,49987796762874,"VGR V-071 Professional Hair Trimmer — Rechargeable Cordless Clipper for Beard, Hair & Body Grooming",vgr-071-hair-trimmer-professional-clipper,ACTIVE,,2026-08-05T20:28:09Z,2026-08-07T07:33:42Z,PUCHICA,Grooming Tools,Health & Beauty > Personal Care > Shaving & Grooming > Hair Clippers & Trimmers,puchica-collection-health-beauty | puchica-launch-ready | wave5,"[{""name"": ""Title"", ""values"": [""Default Title""]}]",Default Title,"[{""name"": ""Title"", ""value"": ""Default Title""}]",PUCHICA-1005007804647110,,159.82,239.73,100.61,CAD,37.05,50,woodland:50,DENY,True,True,True,True,0.0,GRAMS,,,1,https://cdn.shopify.com/s/files/1/0842/2644/1466/files/Sf69c8cdee5664e2d93f1e3906fa1863dz.avif?v=1785997195,,1200,1200,supplier-formatted SKU + unit cost only; DSers mapping not proven,exclude from low-risk organization/travel cohort,unsupported launch-ready tag | synthetic-looking 1.5x compare-at price | placeholder-like inventory 50 | zero/missing shipping weight | origin country missing | HS code missing | single Default Title variant | title exceeds 60 characters | fewer than 3 product media items | brand/trademark authorization unknown | electrical/battery compliance and warranty risk | elevated safety/returns/support risk,exact current supplier listing and option mapping | ordinary supplier item price freshness | Canada shipping cost/method/ETA/tracking | US shipping cost/method/ETA/tracking | duties/brokerage treatment | defect/refund reserve | payment-fee and active-discount contribution margin | supplier stock freshness and warehouse origin | product/image usage rights | sample quality and packaging
gid://shopify/Product/9351428374778,9351428374778,gid://shopify/ProductVariant/49985714356474,49985714356474,Tesla Magnetic Phone Holder — Custom Fit for Model 3/Y/Highland Screen Mount with 360° Rotation,tesla-magnetic-car-phone-holder-model-3-y-highland,ACTIVE,,2026-08-05T13:08:29Z,2026-08-07T07:33:42Z,Puchica,Car Accessories,,ae-sourced | car-accessories | high-ticket | phone-mount | puchica | puchica-collection-electronics | puchica-launch-ready | tesla | trending | wave3,"[{""name"": ""Title"", ""values"": [""Default Title""]}]",Default Title,"[{""name"": ""Title"", ""value"": ""Default Title""}]",PUCHICA-1005009054880430,,74.85,112.28,29.94,CAD,60.00,999,woodland:999,DENY,True,True,True,True,0.0,GRAMS,,,6,https://cdn.shopify.com/s/files/1/0842/2644/1466/files/tesla_hero_4e3e94ff-e9f3-4996-8ad2-070fc5145721.jpg?v=1785935317,Tesla magnetic phone mount installed on screen,1000,1000,supplier-formatted SKU + unit cost only; DSers mapping not proven,exclude from low-risk organization/travel cohort,unsupported launch-ready tag | unsupported trending tag | synthetic-looking 1.5x compare-at price | placeholder-like inventory 999 | zero/missing shipping weight | origin country missing | HS code missing | single Default Title variant | title exceeds 60 characters | brand/trademark authorization unknown,exact current supplier listing and option mapping | ordinary supplier item price freshness | Canada shipping cost/method/ETA/tracking | US shipping cost/method/ETA/tracking | duties/brokerage treatment | defect/refund reserve | payment-fee and active-discount contribution margin | supplier stock freshness and warehouse origin | product/image usage rights | sample quality and packaging
gid://shopify/Product/9341750968570,9341750968570,gid://shopify/ProductVariant/49961830777082,49961830777082,"Naturehike Waterproof Toiletry Bag — Large Capacity Travel Cosmetic Organizer for Camping, Gym & Beach",naturehike-camping-hiking-toiletry-bag-travel-cosmetic-bag-beach-pool-surfing-portable-large-capacity-carry-waterproof-bag,ACTIVE,https://checkout.puchica.ca/products/naturehike-camping-hiking-toiletry-bag-travel-cosmetic-bag-beach-pool-surfing-portable-large-capacity-carry-waterproof-bag,2026-07-31T03:30:42Z,2026-08-07T07:33:41Z,Puchica,Travel Accessories,,dsers-mapped | puchica-collection-on-the-go | puchica-collection-outdoor-travel | puchica-launch-featured | puchica-launch-ready | us-route-verified | wave6,"[{""name"": ""Color"", ""values"": [""BK-L"", ""Grey-L"", ""BK-S"", ""BN-S"", ""BN-L"", ""Grey-S""]}]",BK-L,"[{""name"": ""Color"", ""value"": ""BK-L""}]",14:100018754#BK-L,,73.28,0.00,23.32,CAD,68.18,12,dsers-fulfillment-service:12,DENY,True,True,True,False,0.2,KILOGRAMS,,,12,https://cdn.shopify.com/s/files/1/0842/2644/1466/files/S4334288583374780aee7b25ba06861076.webp?v=1785468645,"PUCHICA Naturehike Waterproof Toiletry Bag - Black or Grey, S or L",800,800,explicit Shopify tag + DSers fulfillment location,"closest niche fit, but QUARANTINED for critical fidelity/stock/route failures",unsupported launch-ready tag | origin country missing | HS code missing | title exceeds 60 characters | brand/trademark authorization unknown | health/performance claims need substantiation | published to Online Store in Shopify | critical copy/media mismatch: description says roll-top 8L/15L bag; media shows zip case 22/24 cm | waterproof/IPX6/submersion/YKK/MOLLE claims not supported by supplied media | option named Color combines color and size codes | all 12 alt texts duplicated and omit Brown variants | embedded-image text must be conveyed accessibly | each variant stock below 25-unit launch threshold,exact current supplier listing and option mapping | ordinary supplier item price freshness | Canada shipping cost/method/ETA/tracking | US shipping cost/method/ETA/tracking | duties/brokerage treatment | defect/refund reserve | payment-fee and active-discount contribution margin | supplier stock freshness and warehouse origin | product/image usage rights | sample quality and packaging
gid://shopify/Product/9341750968570,9341750968570,gid://shopify/ProductVariant/49961830809850,49961830809850,"Naturehike Waterproof Toiletry Bag — Large Capacity Travel Cosmetic Organizer for Camping, Gym & Beach",naturehike-camping-hiking-toiletry-bag-travel-cosmetic-bag-beach-pool-surfing-portable-large-capacity-carry-waterproof-bag,ACTIVE,https://checkout.puchica.ca/products/naturehike-camping-hiking-toiletry-bag-travel-cosmetic-bag-beach-pool-surfing-portable-large-capacity-carry-waterproof-bag,2026-07-31T03:30:42Z,2026-08-07T07:33:41Z,Puchica,Travel Accessories,,dsers-mapped | puchica-collection-on-the-go | puchica-collection-outdoor-travel | puchica-launch-featured | puchica-launch-ready | us-route-verified | wave6,"[{""name"": ""Color"", ""values"": [""BK-L"", ""Grey-L"", ""BK-S"", ""BN-S"", ""BN-L"", ""Grey-S""]}]",Grey-L,"[{""name"": ""Color"", ""value"": ""Grey-L""}]",14:100018756#Grey-L,,70.23,0.00,23.32,CAD,66.79,7,dsers-fulfillment-service:7,DENY,True,True,True,False,0.2,KILOGRAMS,,,12,https://cdn.shopify.com/s/files/1/0842/2644/1466/files/S4334288583374780aee7b25ba06861076.webp?v=1785468645,"PUCHICA Naturehike Waterproof Toiletry Bag - Black or Grey, S or L",800,800,explicit Shopify tag + DSers fulfillment location,"closest niche fit, but QUARANTINED for critical fidelity/stock/route failures",unsupported launch-ready tag | origin country missing | HS code missing | title exceeds 60 characters | brand/trademark authorization unknown | health/performance claims need substantiation | published to Online Store in Shopify | critical copy/media mismatch: description says roll-top 8L/15L bag; media shows zip case 22/24 cm | waterproof/IPX6/submersion/YKK/MOLLE claims not supported by supplied media | option named Color combines color and size codes | all 12 alt texts duplicated and omit Brown variants | embedded-image text must be conveyed accessibly | each variant stock below 25-unit launch threshold,exact current supplier listing and option mapping | ordinary supplier item price freshness | Canada shipping cost/method/ETA/tracking | US shipping cost/method/ETA/tracking | duties/brokerage treatment | defect/refund reserve | payment-fee and active-discount contribution margin | supplier stock freshness and warehouse origin | product/image usage rights | sample quality and packaging
gid://shopify/Product/9341750968570,9341750968570,gid://shopify/ProductVariant/49961830842618,49961830842618,"Naturehike Waterproof Toiletry Bag — Large Capacity Travel Cosmetic Organizer for Camping, Gym & Beach",naturehike-camping-hiking-toiletry-bag-travel-cosmetic-bag-beach-pool-surfing-portable-large-capacity-carry-waterproof-bag,ACTIVE,https://checkout.puchica.ca/products/naturehike-camping-hiking-toiletry-bag-travel-cosmetic-bag-beach-pool-surfing-portable-large-capacity-carry-waterproof-bag,2026-07-31T03:30:42Z,2026-08-07T07:33:41Z,Puchica,Travel Accessories,,dsers-mapped | puchica-collection-on-the-go | puchica-collection-outdoor-travel | puchica-launch-featured | puchica-launch-ready | us-route-verified | wave6,"[{""name"": ""Color"", ""values"": [""BK-L"", ""Grey-L"", ""BK-S"", ""BN-S"", ""BN-L"", ""Grey-S""]}]",BK-S,"[{""name"": ""Color"", ""value"": ""BK-S""}]",14:100018757#BK-S,,40.23,0.00,23.32,CAD,42.03,8,dsers-fulfillment-service:8,DENY,True,True,True,False,0.2,KILOGRAMS,,,12,https://cdn.shopify.com/s/files/1/0842/2644/1466/files/S4334288583374780aee7b25ba06861076.webp?v=1785468645,"PUCHICA Naturehike Waterproof Toiletry Bag - Black or Grey, S or L",800,800,explicit Shopify tag + DSers fulfillment location,"closest niche fit, but QUARANTINED for critical fidelity/stock/route failures",unsupported launch-ready tag | origin country missing | HS code missing | title exceeds 60 characters | brand/trademark authorization unknown | health/performance claims need substantiation | published to Online Store in Shopify | critical copy/media mismatch: description says roll-top 8L/15L bag; media shows zip case 22/24 cm | waterproof/IPX6/submersion/YKK/MOLLE claims not supported by supplied media | option named Color combines color and size codes | all 12 alt texts duplicated and omit Brown variants | embedded-image text must be conveyed accessibly | each variant stock below 25-unit launch threshold,exact current supplier listing and option mapping | ordinary supplier item price freshness | Canada shipping cost/method/ETA/tracking | US shipping cost/method/ETA/tracking | duties/brokerage treatment | defect/refund reserve | payment-fee and active-discount contribution margin | supplier stock freshness and warehouse origin | product/image usage rights | sample quality and packaging
gid://shopify/Product/9341750968570,9341750968570,gid://shopify/ProductVariant/49961830875386,49961830875386,"Naturehike Waterproof Toiletry Bag — Large Capacity Travel Cosmetic Organizer for Camping, Gym & Beach",naturehike-camping-hiking-toiletry-bag-travel-cosmetic-bag-beach-pool-surfing-portable-large-capacity-carry-waterproof-bag,ACTIVE,https://checkout.puchica.ca/products/naturehike-camping-hiking-toiletry-bag-travel-cosmetic-bag-beach-pool-surfing-portable-large-capacity-carry-waterproof-bag,2026-07-31T03:30:42Z,2026-08-07T07:33:41Z,Puchica,Travel Accessories,,dsers-mapped | puchica-collection-on-the-go | puchica-collection-outdoor-travel | puchica-launch-featured | puchica-launch-ready | us-route-verified | wave6,"[{""name"": ""Color"", ""values"": [""BK-L"", ""Grey-L"", ""BK-S"", ""BN-S"", ""BN-L"", ""Grey-S""]}]",BN-S,"[{""name"": ""Color"", ""value"": ""BN-S""}]",14:100018755#BN-S,,40.23,0.00,23.32,CAD,42.03,4,dsers-fulfillment-service:4,DENY,True,True,True,False,0.2,KILOGRAMS,,,12,https://cdn.shopify.com/s/files/1/0842/2644/1466/files/S4334288583374780aee7b25ba06861076.webp?v=1785468645,"PUCHICA Naturehike Waterproof Toiletry Bag - Black or Grey, S or L",800,800,explicit Shopify tag + DSers fulfillment location,"closest niche fit, but QUARANTINED for critical fidelity/stock/route failures",unsupported launch-ready tag | origin country missing | HS code missing | title exceeds 60 characters | brand/trademark authorization unknown | health/performance claims need substantiation | published to Online Store in Shopify | critical copy/media mismatch: description says roll-top 8L/15L bag; media shows zip case 22/24 cm | waterproof/IPX6/submersion/YKK/MOLLE claims not supported by supplied media | option named Color combines color and size codes | all 12 alt texts duplicated and omit Brown variants | embedded-image text must be conveyed accessibly | each variant stock below 25-unit launch threshold,exact current supplier listing and option mapping | ordinary supplier item price freshness | Canada shipping cost/method/ETA/tracking | US shipping cost/method/ETA/tracking | duties/brokerage treatment | defect/refund reserve | payment-fee and active-discount contribution margin | supplier stock freshness and warehouse origin | product/image usage rights | sample quality and packaging
gid://shopify/Product/9341750968570,9341750968570,gid://shopify/ProductVariant/49961830908154,49961830908154,"Naturehike Waterproof Toiletry Bag — Large Capacity Travel Cosmetic Organizer for Camping, Gym & Beach",naturehike-camping-hiking-toiletry-bag-travel-cosmetic-bag-beach-pool-surfing-portable-large-capacity-carry-waterproof-bag,ACTIVE,https://checkout.puchica.ca/products/naturehike-camping-hiking-toiletry-bag-travel-cosmetic-bag-beach-pool-surfing-portable-large-capacity-carry-waterproof-bag,2026-07-31T03:30:42Z,2026-08-07T07:33:41Z,Puchica,Travel Accessories,,dsers-mapped | puchica-collection-on-the-go | puchica-collection-outdoor-travel | puchica-launch-featured | puchica-launch-ready | us-route-verified | wave6,"[{""name"": ""Color"", ""values"": [""BK-L"", ""Grey-L"", ""BK-S"", ""BN-S"", ""BN-L"", ""Grey-S""]}]",BN-L,"[{""name"": ""Color"", ""value"": ""BN-L""}]",14:200141872#BN-L,,73.45,0.00,23.32,CAD,68.25,6,dsers-fulfillment-service:6,DENY,True,True,True,False,0.2,KILOGRAMS,,,12,https://cdn.shopify.com/s/files/1/0842/2644/1466/files/S4334288583374780aee7b25ba06861076.webp?v=1785468645,"PUCHICA Naturehike Waterproof Toiletry Bag - Black or Grey, S or L",800,800,explicit Shopify tag + DSers fulfillment location,"closest niche fit, but QUARANTINED for critical fidelity/stock/route failures",unsupported launch-ready tag | origin country missing | HS code missing | title exceeds 60 characters | brand/trademark authorization unknown | health/performance claims need substantiation | published to Online Store in Shopify | critical copy/media mismatch: description says roll-top 8L/15L bag; media shows zip case 22/24 cm | waterproof/IPX6/submersion/YKK/MOLLE claims not supported by supplied media | option named Color combines color and size codes | all 12 alt texts duplicated and omit Brown variants | embedded-image text must be conveyed accessibly | each variant stock below 25-unit launch threshold,exact current supplier listing and option mapping | ordinary supplier item price freshness | Canada shipping cost/method/ETA/tracking | US shipping cost/method/ETA/tracking | duties/brokerage treatment | defect/refund reserve | payment-fee and active-discount contribution margin | supplier stock freshness and warehouse origin | product/image usage rights | sample quality and packaging
gid://shopify/Product/9341750968570,9341750968570,gid://shopify/ProductVariant/49961830940922,49961830940922,"Naturehike Waterproof Toiletry Bag — Large Capacity Travel Cosmetic Organizer for Camping, Gym & Beach",naturehike-camping-hiking-toiletry-bag-travel-cosmetic-bag-beach-pool-surfing-portable-large-capacity-carry-waterproof-bag,ACTIVE,https://checkout.puchica.ca/products/naturehike-camping-hiking-toiletry-bag-travel-cosmetic-bag-beach-pool-surfing-portable-large-capacity-carry-waterproof-bag,2026-07-31T03:30:42Z,2026-08-07T07:33:41Z,Puchica,Travel Accessories,,dsers-mapped | puchica-collection-on-the-go | puchica-collection-outdoor-travel | puchica-launch-featured | puchica-launch-ready | us-route-verified | wave6,"[{""name"": ""Color"", ""values"": [""BK-L"", ""Grey-L"", ""BK-S"", ""BN-S"", ""BN-L"", ""Grey-S""]}]",Grey-S,"[{""name"": ""Color"", ""value"": ""Grey-S""}]",14:100018753#Grey-S,,40.69,0.00,23.32,CAD,42.69,11,dsers-fulfillment-service:11,DENY,True,True,True,False,0.2,KILOGRAMS,,,12,https://cdn.shopify.com/s/files/1/0842/2644/1466/files/S4334288583374780aee7b25ba06861076.webp?v=1785468645,"PUCHICA Naturehike Waterproof Toiletry Bag - Black or Grey, S or L",800,800,explicit Shopify tag + DSers fulfillment location,"closest niche fit, but QUARANTINED for critical fidelity/stock/route failures",unsupported launch-ready tag | origin country missing | HS code missing | title exceeds 60 characters | brand/trademark authorization unknown | health/performance claims need substantiation | published to Online Store in Shopify | critical copy/media mismatch: description says roll-top 8L/15L bag; media shows zip case 22/24 cm | waterproof/IPX6/submersion/YKK/MOLLE claims not supported by supplied media | option named Color combines color and size codes | all 12 alt texts duplicated and omit Brown variants | embedded-image text must be conveyed accessibly | each variant stock below 25-unit launch threshold,exact current supplier listing and option mapping | ordinary supplier item price freshness | Canada shipping cost/method/ETA/tracking | US shipping cost/method/ETA/tracking | duties/brokerage treatment | defect/refund reserve | payment-fee and active-discount contribution margin | supplier stock freshness and warehouse origin | product/image usage rights | sample quality and packaging
gid://shopify/Product/9351895777530,9351895777530,gid://shopify/ProductVariant/49987796828410,49987796828410,"Fingerprint Smart Padlock — Keyless USB Rechargeable Biometric Security Lock for Gym, School & Travel",kerui-fingerprint-lock-keyless-padlock,ACTIVE,,2026-08-05T20:28:12Z,2026-08-07T07:33:40Z,PUCHICA,Smart Home,Hardware > Locks & Keys > Locks & Latches,puchica-collection-outdoor-travel | puchica-launch-ready | wave6,"[{""name"": ""Title"", ""values"": [""Default Title""]}]",Default Title,"[{""name"": ""Title"", ""value"": ""Default Title""}]",PUCHICA-1005006302184017,,103.92,155.88,65.42,CAD,37.05,50,woodland:50,DENY,True,True,True,True,0.0,GRAMS,,,2,https://cdn.shopify.com/s/files/1/0842/2644/1466/files/383a65a330bdf85da0ee65c405dd45c9.png?v=1786054322,Kerui Fingerprint Smart Padlock - studio product photo on white background,1024,1024,supplier-formatted SKU + unit cost only; DSers mapping not proven,research-only backup; not low-risk enough for launch cohort,unsupported launch-ready tag | synthetic-looking 1.5x compare-at price | placeholder-like inventory 50 | zero/missing shipping weight | origin country missing | HS code missing | single Default Title variant | title exceeds 60 characters | fewer than 3 product media items | electrical/battery compliance and warranty risk | elevated safety/returns/support risk,exact current supplier listing and option mapping | ordinary supplier item price freshness | Canada shipping cost/method/ETA/tracking | US shipping cost/method/ETA/tracking | duties/brokerage treatment | defect/refund reserve | payment-fee and active-discount contribution margin | supplier stock freshness and warehouse origin | product/image usage rights | sample quality and packaging
gid://shopify/Product/9351191855354,9351191855354,gid://shopify/ProductVariant/49985186300154,49985186300154,Cordless Hair Straightener Brush — LCD Display Ceramic Heating Comb for Travel & Touch-Ups,hair-straightener-brush-with-lcd-display-cordless-ceramic,ACTIVE,https://checkout.puchica.ca/products/hair-straightener-brush-with-lcd-display-cordless-ceramic,2026-08-05T09:48:32Z,2026-08-07T07:33:40Z,Puchica,Beauty Tools,,ae-sourced | hair-straightener | high-ticket | puchica | puchica-collection-health-beauty | puchica-launch-ready | trending | wave5,"[{""name"": ""Title"", ""values"": [""Default Title""]}]",Default Title,"[{""name"": ""Title"", ""value"": ""Default Title""}]",PUCHICA-1005010184728705,,63.00,94.50,25.2,CAD,60.00,999,woodland:999,DENY,True,True,True,True,0.0,GRAMS,,,1,https://cdn.shopify.com/s/files/1/0842/2644/1466/files/4aac10e0b46c9998de119d8645663a9c.avif?v=1785923315,PUCHICA Hair Straightener Brush with LCD Display - Cordless Ceramic,480,480,supplier-formatted SKU + unit cost only; DSers mapping not proven,exclude from low-risk organization/travel cohort,unsupported launch-ready tag | unsupported trending tag | synthetic-looking 1.5x compare-at price | placeholder-like inventory 999 | zero/missing shipping weight | origin country missing | HS code missing | single Default Title variant | title exceeds 60 characters | fewer than 3 product media items | electrical/battery compliance and warranty risk | elevated safety/returns/support risk | published to Online Store in Shopify,exact current supplier listing and option mapping | ordinary supplier item price freshness | Canada shipping cost/method/ETA/tracking | US shipping cost/method/ETA/tracking | duties/brokerage treatment | defect/refund reserve | payment-fee and active-discount contribution margin | supplier stock freshness and warehouse origin | product/image usage rights | sample quality and packaging
gid://shopify/Product/9351188939002,9351188939002,gid://shopify/ProductVariant/49985180107002,49985180107002,Mini 2-in-1 Hair Straightener & Curling Iron — Cordless Travel Styling Tool with Ceramic Plates,mini-2-in-1-hair-straightener-curling-iron-portable,ACTIVE,https://checkout.puchica.ca/products/mini-2-in-1-hair-straightener-curling-iron-portable,2026-08-05T09:40:09Z,2026-08-07T07:33:40Z,Puchica,Beauty Tools,,2026-08-05 | 3000-sold | ae-sourcing | high-ticket | puchica-collection-health-beauty | puchica-launch-ready | wave5,"[{""name"": ""Title"", ""values"": [""Default Title""]}]",Default Title,"[{""name"": ""Title"", ""value"": ""Default Title""}]",PUCH-1005005682936574,,55.35,83.03,22.14,CAD,60.00,999,woodland:999,DENY,True,True,True,True,0.0,GRAMS,,,1,https://cdn.shopify.com/s/files/1/0842/2644/1466/files/1005005682936574.avif?v=1785922850,PUCHICA Mini 2-in-1 Hair Straightener & Curling Iron - Portable,480,480,supplier-formatted SKU + unit cost only; DSers mapping not proven,exclude from low-risk organization/travel cohort,unsupported launch-ready tag | synthetic-looking 1.5x compare-at price | placeholder-like inventory 999 | zero/missing shipping weight | origin country missing | HS code missing | single Default Title variant | title exceeds 60 characters | fewer than 3 product media items | electrical/battery compliance and warranty risk | elevated safety/returns/support risk | published to Online Store in Shopify,exact current supplier listing and option mapping | ordinary supplier item price freshness | Canada shipping cost/method/ETA/tracking | US shipping cost/method/ETA/tracking | duties/brokerage treatment | defect/refund reserve | payment-fee and active-discount contribution margin | supplier stock freshness and warehouse origin | product/image usage rights | sample quality and packaging
gid://shopify/Product/9351137296634,9351137296634,gid://shopify/ProductVariant/49985109917946,49985109917946,Smart Pet Feeder — Automatic WiFi Dog & Cat Food Dispenser with App Control & Voice Recording,smart-pet-feeder-automatic-dog-cat-food-dispenser,ACTIVE,https://checkout.puchica.ca/products/smart-pet-feeder-automatic-dog-cat-food-dispenser,2026-08-05T09:23:50Z,2026-08-07T07:33:40Z,Puchica,Pet Feeder,"Animals & Pet Supplies > Pet Supplies > Pet Bowls, Feeders & Waterers > Automatic Feeders",puchica-collection-home-lifestyle | puchica-launch-ready | wave4,"[{""name"": ""Title"", ""values"": [""Default Title""]}]",Default Title,"[{""name"": ""Title"", ""value"": ""Default Title""}]",PUCHICA-1005007306852958,,137.70,206.55,55.08,CAD,60.00,999,woodland:0 | DropCommerceV2:999,DENY,True,True,True,True,0.0,GRAMS,,,1,https://cdn.shopify.com/s/files/1/0842/2644/1466/files/1005007306852958.jpg?v=1785921842,PUCHICA Smart Pet Feeder - Automatic Dog & Cat Food Dispenser,480,480,supplier-formatted SKU + unit cost only; DSers mapping not proven,exclude from low-risk organization/travel cohort,unsupported launch-ready tag | synthetic-looking 1.5x compare-at price | placeholder-like inventory 999 | zero/missing shipping weight | origin country missing | HS code missing | single Default Title variant | title exceeds 60 characters | fewer than 3 product media items | electrical/battery compliance and warranty risk | elevated safety/returns/support risk | published to Online Store in Shopify,exact current supplier listing and option mapping | ordinary supplier item price freshness | Canada shipping cost/method/ETA/tracking | US shipping cost/method/ETA/tracking | duties/brokerage treatment | defect/refund reserve | payment-fee and active-discount contribution margin | supplier stock freshness and warehouse origin | product/image usage rights | sample quality and packaging
gid://shopify/Product/9351428407546,9351428407546,gid://shopify/ProductVariant/49985714389242,49985714389242,DENOKIN Portable Espresso Machine — Digital Display Battery-Powered Travel Coffee Maker for Camping & Office,denokin-portable-espresso-machine-digital-display,ACTIVE,,2026-08-05T13:08:38Z,2026-08-07T07:33:38Z,Puchica,Kitchen Appliances,,ae-sourced | coffee | espresso | high-ticket | portable | puchica | puchica-collection-home-lifestyle | puchica-launch-ready | trending | wave4,"[{""name"": ""Title"", ""values"": [""Default Title""]}]",Default Title,"[{""name"": ""Title"", ""value"": ""Default Title""}]",PUCHICA-1005009212557833,,144.35,216.53,57.74,CAD,60.00,999,woodland:999,DENY,True,True,True,True,0.0,GRAMS,,,2,https://cdn.shopify.com/s/files/1/0842/2644/1466/files/denokin_hero_685598c3-c0be-4e28-8ee7-72425291e120.jpg?v=1785935322,DENOKIN portable espresso machine with digital display,1000,1000,supplier-formatted SKU + unit cost only; DSers mapping not proven,exclude from low-risk organization/travel cohort,unsupported launch-ready tag | unsupported trending tag | synthetic-looking 1.5x compare-at price | placeholder-like inventory 999 | zero/missing shipping weight | origin country missing | HS code missing | single Default Title variant | title exceeds 60 characters | fewer than 3 product media items | brand/trademark authorization unknown | electrical/battery compliance and warranty risk,exact current supplier listing and option mapping | ordinary supplier item price freshness | Canada shipping cost/method/ETA/tracking | US shipping cost/method/ETA/tracking | duties/brokerage treatment | defect/refund reserve | payment-fee and active-discount contribution margin | supplier stock freshness and warehouse origin | product/image usage rights | sample quality and packaging
gid://shopify/Product/9351137362170,9351137362170,gid://shopify/ProductVariant/49985109983482,49985109983482,Brushless Electric Drill Kit — 21V Cordless Impact Driver with 2 Batteries & 30+ Accessories,brushless-electric-drill-21v-cordless-impact-drill-kit,ACTIVE,https://checkout.puchica.ca/products/brushless-electric-drill-21v-cordless-impact-drill-kit,2026-08-05T09:23:51Z,2026-08-07T07:33:38Z,Puchica,Power Tools,Hardware > Tools > Drills > Handheld Power Drills > Impact Drills,puchica-collection-electronics | puchica-launch-ready | wave3,"[{""name"": ""Title"", ""values"": [""Default Title""]}]",Default Title,"[{""name"": ""Title"", ""value"": ""Default Title""}]",PUCHICA-1005007391590551,,134.47,201.70,53.79,CAD,60.00,999,woodland:0 | DropCommerceV2:999,DENY,True,True,True,True,0.0,GRAMS,,,3,https://cdn.shopify.com/s/files/1/0842/2644/1466/files/7f520727dbbfc4ef200fcbd5c8786ff7.png?v=1786054318,Brushless Electric Drill Kit - studio product photo on white background,1024,1024,supplier-formatted SKU + unit cost only; DSers mapping not proven,exclude from low-risk organization/travel cohort,unsupported launch-ready tag | synthetic-looking 1.5x compare-at price | placeholder-like inventory 999 | zero/missing shipping weight | origin country missing | HS code missing | single Default Title variant | title exceeds 60 characters | electrical/battery compliance and warranty risk | health/performance claims need substantiation | elevated safety/returns/support risk | published to Online Store in Shopify,exact current supplier listing and option mapping | ordinary supplier item price freshness | Canada shipping cost/method/ETA/tracking | US shipping cost/method/ETA/tracking | duties/brokerage treatment | defect/refund reserve | payment-fee and active-discount contribution margin | supplier stock freshness and warehouse origin | product/image usage rights | sample quality and packaging
gid://shopify/Product/9351137329402,9351137329402,gid://shopify/ProductVariant/49985109950714,49985109950714,11-in-1 Electric Massage Gun — Deep Tissue Percussion Therapy for Muscle Recovery & Pain Relief,11-in-1-electric-massage-gun-deep-tissue-muscle-massager,ACTIVE,https://checkout.puchica.ca/products/11-in-1-electric-massage-gun-deep-tissue-muscle-massager,2026-08-05T09:23:51Z,2026-08-07T07:33:28Z,Puchica,Massage Gun,Health & Beauty > Personal Care > Massage & Relaxation > Massagers > Electric Massagers > Massage Guns,puchica-collection-health-beauty | puchica-launch-ready | wave5,"[{""name"": ""Title"", ""values"": [""Default Title""]}]",Default Title,"[{""name"": ""Title"", ""value"": ""Default Title""}]",PUCHICA-1005010661575985,,96.33,144.50,38.53,CAD,60.00,999,woodland:0 | DropCommerceV2:999,DENY,True,True,True,True,0.0,GRAMS,,,4,https://cdn.shopify.com/s/files/1/0842/2644/1466/files/fba1ea412b6e0929c6bcc89f1972d883.png?v=1786054299,11-in-1 Electric Massage Gun - studio product photo on white background,1024,1024,supplier-formatted SKU + unit cost only; DSers mapping not proven,exclude from low-risk organization/travel cohort,unsupported launch-ready tag | synthetic-looking 1.5x compare-at price | placeholder-like inventory 999 | zero/missing shipping weight | origin country missing | HS code missing | single Default Title variant | title exceeds 60 characters | electrical/battery compliance and warranty risk | health/performance claims need substantiation | published to Online Store in Shopify,exact current supplier listing and option mapping | ordinary supplier item price freshness | Canada shipping cost/method/ETA/tracking | US shipping cost/method/ETA/tracking | duties/brokerage treatment | defect/refund reserve | payment-fee and active-discount contribution margin | supplier stock freshness and warehouse origin | product/image usage rights | sample quality and packaging
gid://shopify/Product/9351428276474,9351428276474,gid://shopify/ProductVariant/49985714127098,49985714127098,70mai Dash Cam M310 Plus — 2K 1440P HD Car Camera with Wi-Fi App Control & Night Vision,70mai-dash-cam-m310-plus-2k-1440p,ACTIVE,,2026-08-05T13:07:22Z,2026-08-07T07:32:57Z,Puchica,Dash Cams,Cameras & Optics > Cameras > Video Cameras > Dash Video Cameras,ae-sourced | car-electronics | dash-cam | high-ticket | puchica | puchica-collection-electronics | puchica-launch-ready | trending | wave3,"[{""name"": ""Title"", ""values"": [""Default Title""]}]",Default Title,"[{""name"": ""Title"", ""value"": ""Default Title""}]",PUCHICA-1005007867161940,,76.10,114.15,30.44,CAD,60.00,999,woodland:999,DENY,True,True,True,True,0.0,GRAMS,,,9,https://cdn.shopify.com/s/files/1/0842/2644/1466/files/2e066e040545838edf490468493acfae.png?v=1786054327,70mai Dash Cam M310 Plus - studio product photo on white background,1024,1024,supplier-formatted SKU + unit cost only; DSers mapping not proven,exclude from low-risk organization/travel cohort,unsupported launch-ready tag | unsupported trending tag | synthetic-looking 1.5x compare-at price | placeholder-like inventory 999 | zero/missing shipping weight | origin country missing | HS code missing | single Default Title variant | title exceeds 60 characters | brand/trademark authorization unknown | electrical/battery compliance and warranty risk | elevated safety/returns/support risk,exact current supplier listing and option mapping | ordinary supplier item price freshness | Canada shipping cost/method/ETA/tracking | US shipping cost/method/ETA/tracking | duties/brokerage treatment | defect/refund reserve | payment-fee and active-discount contribution margin | supplier stock freshness and warehouse origin | product/image usage rights | sample quality and packaging
gid://shopify/Product/9351895515386,9351895515386,gid://shopify/ProductVariant/49987795386618,49987795386618,Portable Fascia Gun Vibration Massage Gun For Body Neck Back,portable-fascia-gun-vibration-massage-gun,ACTIVE,,2026-08-05T20:28:00Z,2026-08-07T06:05:40Z,PUCHICA,Massage Gun,Uncategorized,puchica-collection-health-beauty | puchica-launch-ready | wave5,"[{""name"": ""Title"", ""values"": [""Default Title""]}]",Default Title,"[{""name"": ""Title"", ""value"": ""Default Title""}]",PUCHICA-1005009446764224,,243.80,365.70,153.49,CAD,37.04,50,woodland:50,DENY,True,True,True,True,0.0,GRAMS,,,1,https://cdn.shopify.com/s/files/1/0842/2644/1466/files/portable-fascia-gun-hero.jpg?v=1785961682,Portable Fascia Gun Vibration Massage Gun For Body Neck Back,1200,896,supplier-formatted SKU + unit cost only; DSers mapping not proven,exclude from low-risk organization/travel cohort,unsupported launch-ready tag | synthetic-looking 1.5x compare-at price | placeholder-like inventory 50 | zero/missing shipping weight | origin country missing | HS code missing | single Default Title variant | fewer than 3 product media items | electrical/battery compliance and warranty risk | health/performance claims need substantiation,exact current supplier listing and option mapping | ordinary supplier item price freshness | Canada shipping cost/method/ETA/tracking | US shipping cost/method/ETA/tracking | duties/brokerage treatment | defect/refund reserve | payment-fee and active-discount contribution margin | supplier stock freshness and warehouse origin | product/image usage rights | sample quality and packaging
gid://shopify/Product/9351895548154,9351895548154,gid://shopify/ProductVariant/49987795419386,49987795419386,500ML Temperature Display Thermos Cup Stainless Steel Divide,500ml-temperature-display-thermos-cup,ACTIVE,,2026-08-05T20:28:03Z,2026-08-07T06:05:39Z,PUCHICA,Water Bottle / Thermos,Uncategorized,puchica-collection-outdoor-travel | puchica-launch-ready | wave6,"[{""name"": ""Title"", ""values"": [""Default Title""]}]",Default Title,"[{""name"": ""Title"", ""value"": ""Default Title""}]",PUCHICA-1005007433246294,,127.33,191.00,80.16,CAD,37.05,50,woodland:50,DENY,True,True,True,True,0.0,GRAMS,,,1,https://cdn.shopify.com/s/files/1/0842/2644/1466/files/500ml-temperature-display-thermos-cup-hero.jpg?v=1785961685,500ML Temperature Display Thermos Cup Stainless Steel Divide,1200,896,supplier-formatted SKU + unit cost only; DSers mapping not proven,research-only backup; not low-risk enough for launch cohort,unsupported launch-ready tag | synthetic-looking 1.5x compare-at price | placeholder-like inventory 50 | zero/missing shipping weight | origin country missing | HS code missing | single Default Title variant | fewer than 3 product media items | elevated safety/returns/support risk,exact current supplier listing and option mapping | ordinary supplier item price freshness | Canada shipping cost/method/ETA/tracking | US shipping cost/method/ETA/tracking | duties/brokerage treatment | defect/refund reserve | payment-fee and active-discount contribution margin | supplier stock freshness and warehouse origin | product/image usage rights | sample quality and packaging
gid://shopify/Product/9351895810298,9351895810298,gid://shopify/ProductVariant/49987796861178,49987796861178,USB Desk Lamp 3 Levels Dimmable Touch Night Light USB Rechargeable,usb-desk-lamp-3-levels-dimmable-touch,ACTIVE,,2026-08-05T20:28:15Z,2026-08-07T03:09:09Z,PUCHICA,Desk Lamp / Home Office,,puchica-collection-home-lifestyle | puchica-launch-ready | wave4,"[{""name"": ""Title"", ""values"": [""Default Title""]}]",Default Title,"[{""name"": ""Title"", ""value"": ""Default Title""}]",PUCHICA-1005007009899251,,138.22,207.33,86.99,CAD,37.06,50,woodland:50,DENY,True,True,True,True,0.0,GRAMS,,,1,https://cdn.shopify.com/s/files/1/0842/2644/1466/files/usb-desk-lamp-hero.jpg?v=1785961697,USB Desk Lamp 3 Levels Dimmable Touch Night Light USB Rechargeable,1200,896,supplier-formatted SKU + unit cost only; DSers mapping not proven,exclude from low-risk organization/travel cohort,unsupported launch-ready tag | synthetic-looking 1.5x compare-at price | placeholder-like inventory 50 | zero/missing shipping weight | origin country missing | HS code missing | single Default Title variant | title exceeds 60 characters | fewer than 3 product media items | electrical/battery compliance and warranty risk,exact current supplier listing and option mapping | ordinary supplier item price freshness | Canada shipping cost/method/ETA/tracking | US shipping cost/method/ETA/tracking | duties/brokerage treatment | defect/refund reserve | payment-fee and active-discount contribution margin | supplier stock freshness and warehouse origin | product/image usage rights | sample quality and packaging
gid://shopify/Product/9351434109178,9351434109178,gid://shopify/ProductVariant/49985722024186,49985722024186,"Zeblaze GTS 4 Voice Calling 1.94"" HD AMOLED Smart Watch 100+ Sports Modes Heart Rate SpO2",zeblaze-gts-4-amoled-smart-watch-voice-calling,ACTIVE,https://checkout.puchica.ca/products/zeblaze-gts-4-amoled-smart-watch-voice-calling,2026-08-05T13:21:00Z,2026-08-06T23:49:41Z,PUCHICA,Electronics,Apparel & Accessories > Jewelry > Smart Watches,puchica-collection-electronics | puchica-launch-ready | trending | wave3,"[{""name"": ""Title"", ""values"": [""Default Title""]}]",Default Title,"[{""name"": ""Title"", ""value"": ""Default Title""}]",PUCHICA-1005009174448080,,76.12,114.18,33.13,CAD,56.48,999,woodland:999,DENY,True,True,True,True,0.5,POUNDS,,,1,https://cdn.shopify.com/s/files/1/0842/2644/1466/files/Sbb0b88d72914416786b4de5343ce3733G.webp?v=1785995786,,1000,1000,supplier-formatted SKU + unit cost only; DSers mapping not proven,exclude from low-risk organization/travel cohort,unsupported launch-ready tag | unsupported trending tag | synthetic-looking 1.5x compare-at price | placeholder-like inventory 999 | origin country missing | HS code missing | single Default Title variant | title exceeds 60 characters | fewer than 3 product media items | brand/trademark authorization unknown | electrical/battery compliance and warranty risk | health/performance claims need substantiation | published to Online Store in Shopify,exact current supplier listing and option mapping | ordinary supplier item price freshness | Canada shipping cost/method/ETA/tracking | US shipping cost/method/ETA/tracking | duties/brokerage treatment | defect/refund reserve | payment-fee and active-discount contribution margin | supplier stock freshness and warehouse origin | product/image usage rights | sample quality and packaging
gid://shopify/Product/9351434371322,9351434371322,gid://shopify/ProductVariant/49985722548474,49985722548474,KAWA Dash Cam MINI 3 2K DVR Voice Control Wi-Fi APP Night Vision Car Camera,kawa-dashcam-mini-3-2k-wifi-app,ACTIVE,https://checkout.puchica.ca/products/kawa-dashcam-mini-3-2k-wifi-app,2026-08-05T13:21:06Z,2026-08-06T23:49:32Z,PUCHICA,Electronics,Cameras & Optics > Cameras > Video Cameras > Dash Video Cameras,puchica-collection-electronics | puchica-launch-ready | trending | wave3,"[{""name"": ""Title"", ""values"": [""Default Title""]}]",Default Title,"[{""name"": ""Title"", ""value"": ""Default Title""}]",PUCHICA-1005009523033966,,110.32,165.48,40.21,CAD,63.55,999,woodland:999,DENY,True,True,True,True,0.5,POUNDS,,,1,https://cdn.shopify.com/s/files/1/0842/2644/1466/files/Sef27e1d4af6e48ae8f928ac1fc30ea16A_jpg_960x960q75_jpg.avif?v=1785996034,,960,960,supplier-formatted SKU + unit cost only; DSers mapping not proven,exclude from low-risk organization/travel cohort,unsupported launch-ready tag | unsupported trending tag | synthetic-looking 1.5x compare-at price | placeholder-like inventory 999 | origin country missing | HS code missing | single Default Title variant | title exceeds 60 characters | fewer than 3 product media items | brand/trademark authorization unknown | electrical/battery compliance and warranty risk | elevated safety/returns/support risk | published to Online Store in Shopify,exact current supplier listing and option mapping | ordinary supplier item price freshness | Canada shipping cost/method/ETA/tracking | US shipping cost/method/ETA/tracking | duties/brokerage treatment | defect/refund reserve | payment-fee and active-discount contribution margin | supplier stock freshness and warehouse origin | product/image usage rights | sample quality and packaging
gid://shopify/Product/9351434240250,9351434240250,gid://shopify/ProductVariant/49985722351866,49985722351866,Essager Magnetic Wireless Car Charger 15W MagSafe Holder Easy Paste Mount for iPhone 15 14 13 Pro Max,essager-magnetic-wireless-charger-car-phone-holder-15w,ACTIVE,https://checkout.puchica.ca/products/essager-magnetic-wireless-charger-car-phone-holder-15w,2026-08-05T13:21:03Z,2026-08-06T23:49:31Z,PUCHICA,Electronics,,puchica-collection-electronics | puchica-launch-ready | trending | wave3,"[{""name"": ""Title"", ""values"": [""Default Title""]}]",Default Title,"[{""name"": ""Title"", ""value"": ""Default Title""}]",PUCHICA-1005008860112783,,66.69,100.04,30.0,CAD,55.02,999,woodland:999,DENY,True,True,True,True,0.5,POUNDS,,,1,https://cdn.shopify.com/s/files/1/0842/2644/1466/files/p4-essager_90cace62-2b72-4858-90b0-550d92218a0b.jpg?v=1785936917,Essager Magnetic Wireless Car Charger 15W MagSafe Holder Easy Clamp,480,480,supplier-formatted SKU + unit cost only; DSers mapping not proven,exclude from low-risk organization/travel cohort,unsupported launch-ready tag | unsupported trending tag | synthetic-looking 1.5x compare-at price | placeholder-like inventory 999 | origin country missing | HS code missing | single Default Title variant | title exceeds 60 characters | fewer than 3 product media items | brand/trademark authorization unknown | electrical/battery compliance and warranty risk | elevated safety/returns/support risk | published to Online Store in Shopify,exact current supplier listing and option mapping | ordinary supplier item price freshness | Canada shipping cost/method/ETA/tracking | US shipping cost/method/ETA/tracking | duties/brokerage treatment | defect/refund reserve | payment-fee and active-discount contribution margin | supplier stock freshness and warehouse origin | product/image usage rights | sample quality and packaging
gid://shopify/Product/9351433879802,9351433879802,gid://shopify/ProductVariant/49985721467130,49985721467130,Boykeep 2K Pet Dog Camera 5G/2.4GHz WiFi Indoor Security Baby Monitor 360 Pan Tilt 2-Way Audio Night Vision,boykeep-2k-pet-dog-camera-indoor-security-wifi,ACTIVE,https://checkout.puchica.ca/products/boykeep-2k-pet-dog-camera-indoor-security-wifi,2026-08-05T13:20:54Z,2026-08-06T23:49:29Z,PUCHICA,Electronics,Cameras & Optics > Cameras > Surveillance Cameras,puchica-collection-electronics | puchica-launch-ready | trending | wave3,"[{""name"": ""Title"", ""values"": [""Default Title""]}]",Default Title,"[{""name"": ""Title"", ""value"": ""Default Title""}]",PUCHICA-1005007618888957,,98.79,148.19,40.22,CAD,59.29,999,woodland:999,DENY,True,True,True,True,0.5,POUNDS,,,1,https://cdn.shopify.com/s/files/1/0842/2644/1466/files/p1-boykeep_d428105d-d021-4680-8b59-9a34be25f243.jpg?v=1785936915,Boykeep 2K Pet Dog Camera 360° Pan Tilt Indoor Wi-Fi Security,480,480,supplier-formatted SKU + unit cost only; DSers mapping not proven,exclude from low-risk organization/travel cohort,unsupported launch-ready tag | unsupported trending tag | synthetic-looking 1.5x compare-at price | placeholder-like inventory 999 | origin country missing | HS code missing | single Default Title variant | title exceeds 60 characters | fewer than 3 product media items | electrical/battery compliance and warranty risk | elevated safety/returns/support risk | published to Online Store in Shopify,exact current supplier listing and option mapping | ordinary supplier item price freshness | Canada shipping cost/method/ETA/tracking | US shipping cost/method/ETA/tracking | duties/brokerage treatment | defect/refund reserve | payment-fee and active-discount contribution margin | supplier stock freshness and warehouse origin | product/image usage rights | sample quality and packaging
gid://shopify/Product/9351433978106,9351433978106,gid://shopify/ProductVariant/49985721696506,49985721696506,4K UHD Dash Cam Wi-Fi GPS Built-in Night Vision 24H Parking Monitor Car DVR,dash-cam-4k-uhd-wifi-gps-parking-monitor,ACTIVE,https://checkout.puchica.ca/products/dash-cam-4k-uhd-wifi-gps-parking-monitor,2026-08-05T13:20:57Z,2026-08-06T23:49:27Z,PUCHICA,Electronics,Cameras & Optics > Cameras > Video Cameras > Dash Video Cameras,puchica-collection-electronics | puchica-launch-ready | trending | wave3,"[{""name"": ""Title"", ""values"": [""Default Title""]}]",Default Title,"[{""name"": ""Title"", ""value"": ""Default Title""}]",PUCHICA-1005008850666113,,110.32,165.48,40.21,CAD,63.55,999,woodland:999,DENY,True,True,True,True,0.5,POUNDS,,,1,https://cdn.shopify.com/s/files/1/0842/2644/1466/files/p2-dashcam_2ab857eb-b237-4108-a349-5eb974f06029.jpg?v=1785936916,4K UHD Wi-Fi GPS Dash Cam Built-in Night Vision 24H Parking Monitor,480,480,supplier-formatted SKU + unit cost only; DSers mapping not proven,exclude from low-risk organization/travel cohort,unsupported launch-ready tag | unsupported trending tag | synthetic-looking 1.5x compare-at price | placeholder-like inventory 999 | origin country missing | HS code missing | single Default Title variant | title exceeds 60 characters | fewer than 3 product media items | electrical/battery compliance and warranty risk | elevated safety/returns/support risk | published to Online Store in Shopify,exact current supplier listing and option mapping | ordinary supplier item price freshness | Canada shipping cost/method/ETA/tracking | US shipping cost/method/ETA/tracking | duties/brokerage treatment | defect/refund reserve | payment-fee and active-discount contribution margin | supplier stock freshness and warehouse origin | product/image usage rights | sample quality and packaging
