provisional_score,shopify_product_id,shopify_title,dsers_product_id,shopify_price_min_cad,shopify_price_max_cad,dsers_card_cost_min_cad,dsers_card_cost_max_cad,item_cost_only_headroom_pct_conservative,dsers_stock,canada_route_status,triage_status,risk_flags,evidence_limit
40,9351895548154,500ML Temperature Display Thermos Cup Stainless Steel Divide,2085218798941634560,127.33,127.33,37.32,37.32,70.7,32460,Not inspected,ROUTE PRIORITY: mapped; inspect exact SKU and Canada/US delivery,placeholder-like Shopify inventory,"DSers product-card range; exact variant, shipping, fees, returns and competition still required"
32,9351189004538,Wireless Milk Frother — USB Rechargeable 3-Speed Electric Whisk,2085218934304604160,68.97,68.97,10.95,12.29,82.2,19978,Not inspected,ROUTE PRIORITY: mapped; inspect exact SKU and Canada/US delivery,electrical/battery/app review | placeholder-like Shopify inventory,"DSers product-card range; exact variant, shipping, fees, returns and competition still required"
32,9351895810298,USB Desk Lamp 3 Levels Dimmable Touch Night Light USB Rechargeable,2085218769107484672,138.22,138.22,18.32,31.63,77.1,24973,Not inspected,ROUTE PRIORITY: mapped; inspect exact SKU and Canada/US delivery,electrical/battery/app review | placeholder-like Shopify inventory,"DSers product-card range; exact variant, shipping, fees, returns and competition still required"
30,9351137296634,Smart Pet Feeder — Automatic WiFi Dog & Cat Food Dispenser with App Control & Voice Recording,2085219068647964672,137.70,137.70,61.48,66.47,51.7,247858,Verified in DSers: AliExpress Selection Standard; CN; Free Shipping; 8–15 days; tracking available,"DEEP REVIEW: route captured; verify exact SKU, claims and full margin",high safety/returns/support review | electrical/battery/app review | selected DSers SKU must be checked against WiFi/voice claims | placeholder-like Shopify inventory,"DSers product-card range; exact variant, shipping, fees, returns and competition still required"
24,9351434240250,Essager Magnetic Wireless Car Charger 15W MagSafe Holder Easy Paste Mount for iPhone 15 14 13 Pro Max,2085218824753315840,66.69,66.69,17.35,21.37,68.0,9999,Not inspected,ROUTE PRIORITY: mapped; inspect exact SKU and Canada/US delivery,electrical/battery/app review | brand/resale authenticity review | placeholder-like Shopify inventory,"DSers product-card range; exact variant, shipping, fees, returns and competition still required"
20,9351188742394,USB Portable Water Flosser — 200ML Cordless Oral Irrigator with 4 Nozzles for Travel & Home Use,2085219012322590721,129.65,129.65,26.35,26.35,79.7,4656,Not inspected,ROUTE PRIORITY: mapped; inspect exact SKU and Canada/US delivery,high safety/returns/support review | electrical/battery/app review | placeholder-like Shopify inventory,"DSers product-card range; exact variant, shipping, fees, returns and competition still required"
20,9351191855354,Cordless Hair Straightener Brush — LCD Display Ceramic Heating Comb for Travel & Touch-Ups,2085218918345342976,63.00,63.00,22.29,22.29,64.6,49988,Not inspected,ROUTE PRIORITY: mapped; inspect exact SKU and Canada/US delivery,high safety/returns/support review | electrical/battery/app review | placeholder-like Shopify inventory,"DSers product-card range; exact variant, shipping, fees, returns and competition still required"
20,9351188939002,Mini 2-in-1 Hair Straightener & Curling Iron — Cordless Travel Styling Tool with Ceramic Plates,2085218941523001344,55.35,55.35,7.83,8.80,84.1,75660,Not inspected,ROUTE PRIORITY: mapped; inspect exact SKU and Canada/US delivery,high safety/returns/support review | electrical/battery/app review | placeholder-like Shopify inventory,"DSers product-card range; exact variant, shipping, fees, returns and competition still required"
20,9351895515386,Portable Fascia Gun Vibration Massage Gun For Body Neck Back,2085218807250419712,243.80,243.80,29.23,29.23,88.0,1000,Not inspected,ROUTE PRIORITY: mapped; inspect exact SKU and Canada/US delivery,high safety/returns/support review | electrical/battery/app review | placeholder-like Shopify inventory,"DSers product-card range; exact variant, shipping, fees, returns and competition still required"
20,9351433879802,Boykeep 2K Pet Dog Camera 5G/2.4GHz WiFi Indoor Security Baby Monitor 360 Pan Tilt 2-Way Audio Night Vision,2085218885243568128,98.79,98.79,31.88,36.34,63.2,4655,Not inspected,ROUTE PRIORITY: mapped; inspect exact SKU and Canada/US delivery,high safety/returns/support review | electrical/battery/app review | placeholder-like Shopify inventory,"DSers product-card range; exact variant, shipping, fees, returns and competition still required"
18,9351188709626,Professional Japanese Kitchen Knives Set — Stainless Steel 6-Piece,2085219021570965504,100.20,100.20,11.29,54.31,45.8,88106,Not inspected,ROUTE PRIORITY: mapped; inspect exact SKU and Canada/US delivery,high safety/returns/support review | placeholder-like Shopify inventory,"DSers product-card range; exact variant, shipping, fees, returns and competition still required"
15,9351188840698,"Solar Air Purifier — Filter-Free Automatic Air Cleaner with USB Charging for Home, Office & Car",2085219004571451392,89.77,89.77,15.01,15.01,83.3,120,Not inspected,ROUTE PRIORITY: mapped; inspect exact SKU and Canada/US delivery,high safety/returns/support review | electrical/battery/app review | placeholder-like Shopify inventory,"DSers product-card range; exact variant, shipping, fees, returns and competition still required"
12,9351191822586,Original Lenovo GM2 Pro TWS Wireless Earbuds (LP40-compatible),2085218927035678720,107.80,107.80,19.53,28.58,73.5,300010,Not inspected,ROUTE PRIORITY: mapped; inspect exact SKU and Canada/US delivery,high safety/returns/support review | electrical/battery/app review | brand/resale authenticity review | placeholder-like Shopify inventory,"DSers product-card range; exact variant, shipping, fees, returns and competition still required"
12,9351428374778,Tesla Magnetic Phone Holder — Custom Fit for Model 3/Y/Highland Screen Mount with 360° Rotation,2085218901899149312,74.85,74.85,22.84,48.07,35.8,3993,Not inspected,ROUTE PRIORITY: mapped; inspect exact SKU and Canada/US delivery,brand/resale authenticity review | placeholder-like Shopify inventory,"DSers product-card range; exact variant, shipping, fees, returns and competition still required"
10,9351188906234,"Ultra Thin Smart Watch Men 1.96"" AMOLED HD Display — Bluetooth Call",2085218950125518848,96.25,96.25,40.86,45.06,53.2,139967,Not inspected,ROUTE PRIORITY: mapped; inspect exact SKU and Canada/US delivery,high safety/returns/support review | electrical/battery/app review | placeholder-like Shopify inventory,"DSers product-card range; exact variant, shipping, fees, returns and competition still required"
8,9351137427706,Double Hammock Canvas — 2 Person Outdoor Hammock with Tree Straps,2085219037391880192,72.95,72.95,21.94,45.20,38.0,9988,Not inspected,ROUTE PRIORITY: mapped; inspect exact SKU and Canada/US delivery,high safety/returns/support review | placeholder-like Shopify inventory,"DSers product-card range; exact variant, shipping, fees, returns and competition still required"
7,9351188611322,Baseus Bass EP10 NC -43dB Active Noise Cancelling Wireless Earbuds,2085219028835893248,170.00,170.00,28.68,28.68,83.1,735,Not inspected,ROUTE PRIORITY: mapped; inspect exact SKU and Canada/US delivery,high safety/returns/support review | electrical/battery/app review | brand/resale authenticity review | placeholder-like Shopify inventory,"DSers product-card range; exact variant, shipping, fees, returns and competition still required"
5,9351188873466,Oral Irrigator — 3 Cleaning Modes Portable Rechargeable Dental Water Jet,2085218997185675264,64.88,64.88,28.92,28.95,55.4,200,Not inspected,ROUTE PRIORITY: mapped; inspect exact SKU and Canada/US delivery,high safety/returns/support review | electrical/battery/app review | placeholder-like Shopify inventory,"DSers product-card range; exact variant, shipping, fees, returns and competition still required"
5,9351895777530,"Fingerprint Smart Padlock — Keyless USB Rechargeable Biometric Security Lock for Gym, School & Travel",2085218776103649280,103.92,103.92,22.45,78.71,24.3,200,Verified in DSers: AliExpress Selection Standard; CN; US $1.99; 8–13 days; tracking available,HOLD: item cost alone leaves under 30% before shipping/fees,high safety/returns/support review | electrical/battery/app review | placeholder-like Shopify inventory,"DSers product-card range; exact variant, shipping, fees, returns and competition still required"
5,9351137362170,Brushless Electric Drill Kit — 21V Cordless Impact Driver with 2 Batteries & 30+ Accessories,2085219052449824768,134.47,134.47,64.60,67.41,49.9,319,Not inspected,ROUTE PRIORITY: mapped; inspect exact SKU and Canada/US delivery,high safety/returns/support review | electrical/battery/app review | placeholder-like Shopify inventory,"DSers product-card range; exact variant, shipping, fees, returns and competition still required"
2,9351895711994,"VGR V-071 Professional Hair Trimmer — Rechargeable Cordless Clipper for Beard, Hair & Body Grooming",2085218783376834560,159.82,159.82,21.80,21.80,86.4,16,Not inspected,ROUTE PRIORITY: mapped; inspect exact SKU and Canada/US delivery,high safety/returns/support review | electrical/battery/app review | brand/resale authenticity review | placeholder-like Shopify inventory,"DSers product-card range; exact variant, shipping, fees, returns and competition still required"
-3,9351434109178,"Zeblaze GTS 4 Voice Calling 1.94"" HD AMOLED Smart Watch 100+ Sports Modes Heart Rate SpO2",2085218832055861248,76.12,76.12,24.68,37.22,51.1,206,Not inspected,ROUTE PRIORITY: mapped; inspect exact SKU and Canada/US delivery,high safety/returns/support review | electrical/battery/app review | brand/resale authenticity review | placeholder-like Shopify inventory,"DSers product-card range; exact variant, shipping, fees, returns and competition still required"
-6,9351137394938,Trustfire GM23 Tactical Flashlight — 800 Lumen LED Mini Light,2085219045025841152,77.53,77.53,41.25,79.32,-2.3,2636,Not inspected,HOLD: item cost alone leaves under 30% before shipping/fees,electrical/battery/app review | brand/resale authenticity review | placeholder-like Shopify inventory,"DSers product-card range; exact variant, shipping, fees, returns and competition still required"
-10,9351137329402,11-in-1 Electric Massage Gun — Deep Tissue Percussion Therapy for Muscle Recovery & Pain Relief,2085219060599029760,96.33,96.33,78.56,78.56,18.4,1998,Not inspected,HOLD: item cost alone leaves under 30% before shipping/fees,high safety/returns/support review | electrical/battery/app review | placeholder-like Shopify inventory,"DSers product-card range; exact variant, shipping, fees, returns and competition still required"
-10,9351433978106,4K UHD Dash Cam Wi-Fi GPS Built-in Night Vision 24H Parking Monitor Car DVR,2085218876695642112,110.32,110.32,64.03,109.53,0.7,39344,Not inspected,HOLD: item cost alone leaves under 30% before shipping/fees,high safety/returns/support review | electrical/battery/app review | placeholder-like Shopify inventory,"DSers product-card range; exact variant, shipping, fees, returns and competition still required"
-18,9351428407546,DENOKIN Portable Espresso Machine — Digital Display Battery-Powered Travel Coffee Maker for Camping & Office,2085218893594492929,144.35,144.35,90.58,105.45,26.9,10863,Not inspected,HOLD: item cost alone leaves under 30% before shipping/fees,high safety/returns/support review | electrical/battery/app review | brand/resale authenticity review | placeholder-like Shopify inventory,"DSers product-card range; exact variant, shipping, fees, returns and competition still required"
-18,9351428276474,70mai Dash Cam M310 Plus — 2K 1440P HD Car Camera with Wi-Fi App Control & Night Vision,2085218909516333056,76.10,76.10,54.39,130.56,-71.6,4760,Not inspected,HOLD: item cost alone leaves under 30% before shipping/fees,high safety/returns/support review | electrical/battery/app review | brand/resale authenticity review | placeholder-like Shopify inventory,"DSers product-card range; exact variant, shipping, fees, returns and competition still required"
-23,9341750968570,"Naturehike Waterproof Toiletry Bag — Large Capacity Travel Cosmetic Organizer for Camping, Gym & Beach",2083032587397234688,40.23,73.45,17.17,23.12,42.5,132,Not inspected,ROUTE PRIORITY: mapped; inspect exact SKU and Canada/US delivery,brand/resale authenticity review | confirmed copy/media mismatch,"DSers product-card range; exact variant, shipping, fees, returns and competition still required"
-23,9351434371322,KAWA Dash Cam MINI 3 2K DVR Voice Control Wi-Fi APP Night Vision Car Camera,2085218816331218944,110.32,110.32,66.45,204.97,-85.8,185,Not inspected,HOLD: item cost alone leaves under 30% before shipping/fees,high safety/returns/support review | electrical/battery/app review | brand/resale authenticity review | placeholder-like Shopify inventory,"DSers product-card range; exact variant, shipping, fees, returns and competition still required"
