dsers_product_id,shopify_product,native_cost,ca_cost,ca_price,dsers_stock,product_mapping_status,variant_mapping_status,canada_route_status,supplier_item
"2085219068647964672","Smart Pet Feeder — Automatic WiFi Dog & Cat Food Dispenser with App Control & Voice Recording","$44.07 ~ 47.65","CA$ 61.48~66.47","CA$ 137.70","247858","Mapped to AliExpress (product-level)","Selected mapped SKU inspected: Black Button Feeder","Verified in DSers: AliExpress Selection Standard; CN; Free Shipping; 8–15 days; tracking available","Smart Pet Feeder Automatic Cat Feeder Dog Slow Food Machine With Timed Quantitative Automatic Cat Food Dispenser Cat Dog Bowl"
"2085219060599029760","11-in-1 Electric Massage Gun — Deep Tissue Percussion Therapy for Muscle Recovery & Pain Relief","$56.31","CA$ 78.56","CA$ 96.33","1998","Mapped to AliExpress (product-level)","Not fully inspected","Not inspected",""
"2085219052449824768","Brushless Electric Drill Kit — 21V Cordless Impact Driver with 2 Batteries & 30+ Accessories","$46.31 ~ 48.32","CA$ 64.60~67.41","CA$ 134.47","319","Mapped to AliExpress (product-level)","Not fully inspected","Not inspected",""
"2085219045025841152","Trustfire GM23 Tactical Flashlight — 800 Lumen LED Mini Light","$29.57 ~ 56.86","CA$ 41.25~79.32","CA$ 77.53","2636","Mapped to AliExpress (product-level)","Not fully inspected","Not inspected",""
"2085219037391880192","Double Hammock Canvas — 2 Person Outdoor Hammock with Tree Straps","$15.73 ~ 32.4","CA$ 21.94~45.20","CA$ 72.95","9988","Mapped to AliExpress (product-level)","Not fully inspected","Not inspected",""
"2085219028835893248","Baseus Bass EP10 NC -43dB Active Noise Cancelling Wireless Earbuds","$20.56","CA$ 28.68","CA$ 170.00","735","Mapped to AliExpress (product-level)","Not fully inspected","Not inspected",""
"2085219021570965504","Professional Japanese Kitchen Knives Set — Stainless Steel 6-Piece","$8.09 ~ 38.93","CA$ 11.29~54.31","CA$ 100.20","88106","Mapped to AliExpress (product-level)","Not fully inspected","Not inspected",""
"2085219012322590721","USB Portable Water Flosser — 200ML Cordless Oral Irrigator with 4 Nozzles for Travel & Home Use","$18.89","CA$ 26.35","CA$ 129.65","4656","Mapped to AliExpress (product-level)","Not fully inspected","Not inspected",""
"2085219004571451392","Solar Air Purifier — Filter-Free Automatic Air Cleaner with USB Charging for Home, Office & Car","$10.76","CA$ 15.01","CA$ 89.77","120","Mapped to AliExpress (product-level)","Not fully inspected","Not inspected",""
"2085218997185675264","Oral Irrigator — 3 Cleaning Modes Portable Rechargeable Dental Water Jet","$20.73 ~ 20.75","CA$ 28.92~28.95","CA$ 64.88","200","Mapped to AliExpress (product-level)","Not fully inspected","Not inspected",""
"2085218950125518848","Ultra Thin Smart Watch Men 1.96"" AMOLED HD Display — Bluetooth Call","$29.29 ~ 32.3","CA$ 40.86~45.06","CA$ 96.25","139967","Mapped to AliExpress (product-level)","Not fully inspected","Not inspected",""
"2085218941523001344","Mini 2-in-1 Hair Straightener & Curling Iron — Cordless Travel Styling Tool with Ceramic Plates","$5.61 ~ 6.31","CA$ 7.83~8.80","CA$ 55.35","75660","Mapped to AliExpress (product-level)","Not fully inspected","Not inspected",""
"2085218934304604160","Wireless Milk Frother — USB Rechargeable 3-Speed Electric Whisk","$7.85 ~ 8.81","CA$ 10.95~12.29","CA$ 68.97","19978","Mapped to AliExpress (product-level)","Not fully inspected","Not inspected",""
"2085218927035678720","Original Lenovo GM2 Pro TWS Wireless Earbuds (LP40-compatible)","$14 ~ 20.49","CA$ 19.53~28.58","CA$ 107.80","300010","Mapped to AliExpress (product-level)","Not fully inspected","Not inspected",""
"2085218918345342976","Cordless Hair Straightener Brush — LCD Display Ceramic Heating Comb for Travel & Touch-Ups","$15.98","CA$ 22.29","CA$ 63.00","49988","Mapped to AliExpress (product-level)","Not fully inspected","Not inspected",""
"2085218909516333056","70mai Dash Cam M310 Plus — 2K 1440P HD Car Camera with Wi-Fi App Control & Night Vision","$38.99 ~ 93.59","CA$ 54.39~130.56","CA$ 76.10","4760","Mapped to AliExpress (product-level)","Not fully inspected","Not inspected",""
"2085218901899149312","Tesla Magnetic Phone Holder — Custom Fit for Model 3/Y/Highland Screen Mount with 360° Rotation","$16.37 ~ 34.46","CA$ 22.84~48.07","CA$ 74.85","3993","Mapped to AliExpress (product-level)","Not fully inspected","Not inspected",""
"2085218893594492929","DENOKIN Portable Espresso Machine — Digital Display Battery-Powered Travel Coffee Maker for Camping & Office","$64.93 ~ 75.59","CA$ 90.58~105.45","CA$ 144.35","10863","Mapped to AliExpress (product-level)","Not fully inspected","Not inspected",""
"2085218885243568128","Boykeep 2K Pet Dog Camera 5G/2.4GHz WiFi Indoor Security Baby Monitor 360 Pan Tilt 2-Way Audio Night Vision","$22.85 ~ 26.05","CA$ 31.88~36.34","CA$ 98.79","4655","Mapped to AliExpress (product-level)","Not fully inspected","Not inspected",""
"2085218876695642112","4K UHD Dash Cam Wi-Fi GPS Built-in Night Vision 24H Parking Monitor Car DVR","$45.9 ~ 78.51","CA$ 64.03~109.53","CA$ 110.32","39344","Mapped to AliExpress (product-level)","Not fully inspected","Not inspected",""
"2085218832055861248","Zeblaze GTS 4 Voice Calling 1.94"" HD AMOLED Smart Watch 100+ Sports Modes Heart Rate SpO2","$17.69 ~ 26.68","CA$ 24.68~37.22","CA$ 76.12","206","Mapped to AliExpress (product-level)","Not fully inspected","Not inspected",""
"2085218824753315840","Essager Magnetic Wireless Car Charger 15W MagSafe Holder Easy Paste Mount for iPhone 15 14 13 Pro Max","$12.44 ~ 15.32","CA$ 17.35~21.37","CA$ 66.69","9999","Mapped to AliExpress (product-level)","Not fully inspected","Not inspected",""
"2085218816331218944","KAWA Dash Cam MINI 3 2K DVR Voice Control Wi-Fi APP Night Vision Car Camera","$47.63 ~ 146.93","CA$ 66.45~204.97","CA$ 110.32","185","Mapped to AliExpress (product-level)","Not fully inspected","Not inspected",""
"2085218807250419712","Portable Fascia Gun Vibration Massage Gun For Body Neck Back","$20.95","CA$ 29.23","CA$ 243.80","1000","Mapped to AliExpress (product-level)","Not fully inspected","Not inspected",""
"2085218798941634560","500ML Temperature Display Thermos Cup Stainless Steel Divide","$26.75","CA$ 37.32","CA$ 127.33","32460","Mapped to AliExpress (product-level)","Not fully inspected","Not inspected",""
"2085218783376834560","VGR V-071 Professional Hair Trimmer — Rechargeable Cordless Clipper for Beard, Hair & Body Grooming","$15.63","CA$ 21.80","CA$ 159.82","16","Mapped to AliExpress (product-level)","Not fully inspected","Not inspected",""
"2085218776103649280","Fingerprint Smart Padlock — Keyless USB Rechargeable Biometric Security Lock for Gym, School & Travel","$16.09 ~ 56.42","CA$ 22.45~78.71","CA$ 103.92","200","Mapped to AliExpress (product-level)","Selected mapped SKU inspected: 2pcs padlock","Verified in DSers: AliExpress Selection Standard; CN; US $1.99; 8–13 days; tracking available","KERUI Fingerprint Padlock for Door Keyless Outdoor Waterproof Padlock USB Rechargeable Security Padlock Easy to Use"
"2085218769107484672","USB Desk Lamp 3 Levels Dimmable Touch Night Light USB Rechargeable","$13.13 ~ 22.67","CA$ 18.32~31.63","CA$ 138.22","24973","Mapped to AliExpress (product-level)","Not fully inspected","Not inspected",""
"2083032587397234688","Naturehike Waterproof Toiletry Bag — Large Capacity Travel Cosmetic Organizer for Camping, Gym & Beach","$12.31 ~ 16.57","CA$ 17.17~23.12","CA$ 40.23~73.45","132","Mapped to AliExpress (product-level)","Not fully inspected","Not inspected",""
