dsers_import_id,aliexpress_item_id,exact_title,cost_usd,aggregate_stock,variant_count,options_summary,weight_kg,length_cm,width_cm,height_cm,risk_class,disposition,key_issue
2083035425531822784,not_exposed,"1pc Creative Toothpaste Tube Squeezer Simple Toothpaste Roller Stainless Steel Labor Saving Toothpaste Tube Wringer Presser",2.25,400,1,not_exposed,0.02,10,3,1,"passive; hygiene/fit caution",HOLD,"routes and tube compatibility unverified"
2083035318770008768,not_exposed,"10 Pcs Travel Hangers Cruise Ship Essentials Accessories Portable Folding Clothes Hanger Foldable Drying Rack",0.00,0,1,not_exposed,0.01,25,12,12,passive,REJECT,"zero stock and zero cost"
2083034863323120320,not_exposed,"6/8P Travel Bag Set Organizer Clothes Luggage Travel Organizer Blanket Shoes Organizers Suitcase Pouch Packing Cubes Storage Bag","3.04-13.31",705,13,not_enumerated,0.35,33,27,4,passive,HOLD,"broad option and cost range"
2083035043632120512,not_exposed,"Cable Organizer Cord Management Wire Holder Flexible USB Cable Winder Tidy Silicone Clips For Mouse Keyboard Earphone Protector","0.80-1.50",3702,10,"1/5/8/10-hole; White/Black/Transparent",0.01,16,14,1,passive,HOLD,"variant grid cost 0.00 contradicts card range"
2082949476235936448,not_exposed,"2 Tier Under Sink Organizer Sliding Cabinet Basket Organizer Storage Rack with Hooks Hanging Cup Bathroom Kitchen Organizer","7.09-22.12",7,45,not_enumerated,0.02,30,20,20,"safety/load-bearing",REJECT,"stock 7; extreme range; implausible weight"
2082948932931289792,not_exposed,"2 Floors Automatic Egg Dispenser For Countertop Cooler Kitchen Organizer",3.45,84434,1,not_exposed,0.40,25,20,5,"ingestible/food-contact",HOLD,"food-contact validation required"
2082947114649846464,not_exposed,"Data Cable Storage Bag Waterproof Portable Carry Case Storage Bag Travel Organizer Bag for Cable Cord USB Charger","3.04-4.30",105,7,"Single Layer; Single Layer 1/2; Double Layers; Double Layers 1/2/3",0.07,20,12,2,passive,HOLD,"best low-risk candidate; exact option and routes needed"
2082932185985254080,not_exposed,"3Pcs/set Black/Blue/Grey Compressible Travel Storage Bag Portable Large Capacity Storage Bag Suitcase Luggage Packing Cubes","11.07-12.17",10,0,"Images undefined/0",not_exposed,not_exposed,not_exposed,not_exposed,"passive/incomplete",REJECT,"zombie import record and low stock"
2082765175615718080,not_exposed,"Drawer Organization 8/26/47pcs Tool Tray Tool Box Organizer Tray Dividers Set Workbench Cabinet Bins Tool Chest Garage Hardware","8.72-19.89",413,6,"8/26/47-piece options not enumerated",0.69,24,16,15,passive,HOLD,"piece-count and cost range ambiguous"
