market,handle,exact_sku,shipping_selector_label,aggregate_stock,item_cost_max,currency,supplier_shipping_usd,eta,tracking,route_status,sell_price,checkout_shipping,collected_total,conservative_landed,payment_fee,reserve_5pct,pre_ad_contribution,pre_ad_margin_pct,decision
CA,travel-cable-organizer-case,14:193#Double Layers,Double Layers,140,6.00,CAD,2.16,7-13 days,available,pass,24.99,5.00,29.99,9.02,1.35,1.50,18.12,60.4,GO_ORGANIC_LIMITED
US,travel-cable-organizer-case,14:193#Double Layers,Double Layers,140,4.31,USD,1.99,7-12 days,available,pass,19.00,8.00,27.00,6.30,1.25,1.35,18.10,67.1,GO_ORGANIC_LIMITED
CA,3-piece-packing-cube-set,14:1052#S3007 Black;5:200004186#3PCS L M S Set,S3007 Black-3PCS L M S Set,666,18.54,CAD,1.99,8-14 days,available,pass,39.99,5.00,44.99,21.33,1.87,2.25,19.54,43.4,GO_ORGANIC_LIMITED_NO_DISCOUNT
US,3-piece-packing-cube-set,14:1052#S3007 Black;5:200004186#3PCS L M S Set,S3007 Black-3PCS L M S Set,666,13.33,USD,,,not available,fail,,,,,,,,BLOCK
CA,white-luggage-id-tag,14:29#white;5:361386#1pcs,white-1pcs,169040,7.69,CAD,1.99,9-15 days,available,pass,14.99,5.00,19.99,10.48,1.00,1.00,7.51,37.6,GO_ORGANIC_STRICT_NO_DISCOUNT
US,white-luggage-id-tag,14:29#white;5:361386#1pcs,white-1pcs,169040,5.53,USD,,,not available,fail,,,,,,,,BLOCK
CA,ten-hole-white-cable-organizer-clips,14:771#10 Holes-White,10 Holes-White,55649,4.09,CAD,1.99,8-14 days,available,pass,14.99,5.00,19.99,6.88,1.00,1.00,11.11,55.6,GO_ORGANIC_LIMITED
US,ten-hole-white-cable-organizer-clips,14:771#10 Holes-White,10 Holes-White,55649,2.94,USD,1.99,8-14 days,available,pass,11.00,8.00,19.00,4.93,0.97,0.95,12.16,64.0,GO_ORGANIC_LIMITED
CA,white-semi-circular-travel-jewelry-case,14:29,WHITE,2851,6.20,CAD,1.99,9-14 days,available,pass,22.99,5.00,27.99,8.99,1.28,1.40,16.32,58.3,GO_ORGANIC_LIMITED
US,white-semi-circular-travel-jewelry-case,14:29,WHITE,2851,4.46,USD,1.99,9-14 days,available,pass,17.00,8.00,25.00,6.45,1.18,1.25,16.13,64.5,GO_ORGANIC_LIMITED
CA,black-knitted-luggage-wheel-covers-set-of-4,14:193,black,14976,3.66,CAD,1.99,8-14 days,available,pass,14.99,5.00,19.99,6.45,1.00,1.00,11.54,57.7,GO_ORGANIC_LIMITED
US,black-knitted-luggage-wheel-covers-set-of-4,14:193,black,14976,2.63,USD,1.99,8-14 days,available,pass,11.00,8.00,19.00,4.62,0.97,0.95,12.46,65.6,GO_ORGANIC_LIMITED
CA,large-blue-handled-clothes-storage-bag,14:350852#Large Blue,Large Blue,345,4.88,CAD,,,not available,fail,,,,,,,,FULL_HOLD
US,large-blue-handled-clothes-storage-bag,14:350852#Large Blue,Large Blue,345,3.51,USD,,,not available,fail,,,,,,,,FULL_HOLD
CA,black-hanging-travel-toiletry-organizer,14:771#Black,Black,842,11.70,CAD,,,not available,fail,,,,,,,,FULL_HOLD
US,black-hanging-travel-toiletry-organizer,14:771#Black,Black,842,8.41,USD,,,not available,fail,,,,,,,,FULL_HOLD
CA,soft-luggage-handle-wrap-black-coffee-brown,14:193#Black,Black,195,4.31,CAD,,,not available,fail,,,,,,,,FULL_PRODUCT_HOLD
US,soft-luggage-handle-wrap-black-coffee-brown,14:193#Black,Black,195,3.10,USD,,,not available,fail,,,,,,,,FULL_PRODUCT_HOLD
CA,soft-luggage-handle-wrap-black-coffee-brown,14:350686#coffee color,coffee color,195,4.31,CAD,2.16,9-15 days,available,pass,,,,,,,,FULL_PRODUCT_HOLD_MIXED_OPTION_PROMISE
US,soft-luggage-handle-wrap-black-coffee-brown,14:350686#coffee color,coffee color,195,3.10,USD,2.16,9-15 days,available,pass,,,,,,,,FULL_PRODUCT_HOLD_MIXED_OPTION_PROMISE
