"product_id","product_title","handle","shopify_status","launch_tag","mapping","variant_count","sellable_variant_count","live_inventory","quote_rows","canada_quote","us_quote","current_category","target_category","content_state","content_action","disposition","evidence_date"
"9326917058810","Children's Cotton Winter Mittens","windproof-infant-stroller-gloves-childrens-outdoor-sports-mittens-cartoon-printed-hands-warmer-scooter-accessory-for-winter","DRAFT","no","EXACT_TITLE_MATCH","4","4","37","4","MIXED_J_ONLY_SHIPS_REPRICE","MIXED_J_ONLY_SHIPS","","Apparel & Accessories > Clothing Accessories > Gloves & Mittens","EVIDENCE_AND_REMEDIATION_REQUIRED","Resolve title/age mismatch (infant vs supplier age 7-13), verify cotton material, 20 cm sizing, attachment design/warnings, care/origin, and textile labeling.","REPRICE_REMAP_AND_CONTENT_REVIEW","2026-07-26"
"9326916829434","Children's Foot Measuring Gauge","kids-toddler-foot-measure-gauge-shoes-size-measuring-ruler-tool-baby-boy-girl-childrens-foot-length-measuring-ruler-fittings","DRAFT","no","EXACT_TITLE_MATCH","5","5","47","5","FAIL_REPRICE_BLUE_NO_SHIPPING","PASS_REPRESENTATIVE_SAMPLE","","Apparel & Accessories > Shoes > Shoe Accessories","REMEDIATION_REQUIRED","Correct the current Clipper & Trimmer type; verify ABS material, centimeter/CHN scale accuracy, usable age/size range, and add adult-supervision copy.","REPRICE_AND_CONTENT_REVIEW","2026-07-26"
"9326919876858","Copper Sealing Washer Assortment","300-280-200-100pcs-washer-copper-sealing-solid-gasket-washer-sump-plug-oil-for-boat-crush-flat-seal-ring-tool","DRAFT","no","EXACT_TITLE_MATCH","4","4","127","4","MIXED_200PCS_NO_SHIPPING","PASS_REPRESENTATIVE_SAMPLE","","Hardware > Hardware Accessories > Washers","REMEDIATION_REQUIRED","Replace supplier dump; verify copper material, exact piece counts/dimensions, fitment limitations, and remove unverified CE/top-quality claims.","VARIANT_REPAIR_AND_CONTENT_REVIEW","2026-07-26"
"9326918369530","Everyday 100% Cotton T-Shirt","100-pure-cotton-t-shirt-with-round-neck-shoulder-design-for-both-men-women-summer-solid-color-short-sleeved-casual-loose-fit","DRAFT","no","EXACT_TITLE_MATCH","18","18","37","18","FAIL_REPRICE_BLACK_L_NO_SHIPPING","PASS_REPRESENTATIVE_SAMPLE","","Apparel & Accessories > Clothing > Shirts & Tops","EVIDENCE_AND_REMEDIATION_REQUIRED","Verify the supplier 100% cotton claim, size chart, care and origin; add complete customer-ready product details without overclaiming composition.","REPRICE_OR_REJECT_VERIFY_COTTON","2026-07-26"
"9326918074618","Everyday Pullover Hoodie","mens-casual-sports-hoodie-spring-autumn-fashion-solid-color-long-sleeved-pullover-with-arm-pocket-and-pull-rope-plus-size","DRAFT","no","EXACT_TITLE_MATCH","48","48","4800","48","MIXED_REPRICE_REQUIRED","PASS_REPRESENTATIVE_SAMPLE","","Apparel & Accessories > Clothing > Shirts & Tops > Hoodies","HARD_REMEDIATION_REQUIRED","Replace generic AI copy and remove unsupported premium, durability, true-to-size, fast-shipping, quality-guarantee, and Canadian-warehouse claims; verify material, size chart, care and origin.","REPRICE_AND_HARD_CONTENT_REMEDIATION","2026-07-26"
"9326916927738","Girls' Mermaid-Inspired Costume Dress","new-girl-dresses-princess-costume-kids-mermaid-cosplay-costume-kids-carnival-birthday-party-prom-costume-party-dresses-for-girls","DRAFT","no","EXACT_TITLE_MATCH","20","20","394","20","FAIL_DSERs_NO_DATA","FAIL_DSERs_NO_DATA","","Apparel & Accessories > Costumes & Accessories > Costumes","EVIDENCE_AND_REMEDIATION_REQUIRED","Verify cotton/polyester composition, size chart, care/origin, flammability/labeling evidence, included accessories, and remove ambiguous cosplay/protected-character implications.","SUPPLIER_SWAP_OR_REMAP","2026-07-26"
"9326916993274","Girls' Solid-Color Tights","summer-spring-candy-color-kids-pantyhose-ballet-dance-tights-for-girls-stocking-children-velvet-solid-white-pantyhose","DRAFT","no","EXACT_TITLE_MATCH","39","39","9195","39","MIXED_REPRICE_PINK_1_2_NO_SHIPPING","PASS_REPRESENTATIVE_SAMPLE","","Apparel & Accessories > Clothing > Hosiery > Tights","EVIDENCE_AND_REMEDIATION_REQUIRED","Verify cotton/nylon composition, size chart, care/origin, children textile labeling, and replace supplier promotional text.","REPRICE_AND_CONTENT_REVIEW","2026-07-26"
"9326918009082","Men's High-Neck Base-Layer Top","thermal-underwear-tops-men-winter-clothes-thermal-shirt-autumn-mens-winter-tights-high-neck-thin-slim-fit-long-sleeve-t-shirt","DRAFT","no","EXACT_TITLE_MATCH","42","42","973","42","MIXED_REPRICE_COFFEE_3L_NO_SHIPPING","PASS_REPRESENTATIVE_SAMPLE","","Apparel & Accessories > Clothing > Shirts & Tops","REMEDIATION_REQUIRED","Replace supplier dump and embedded size JSON; verify polyester composition, size chart, hand-wash care/origin, and remove thermal/sustainable claims.","REPRICE_AND_CONTENT_REVIEW","2026-07-26"
"9326918402298","Summer Men's Shorts","summer-mens-shorts-cool-sportswear-running-sport-shorts-casual-bottoms-gym-fitness-training-jogging-short-pants-men-black-gray","DRAFT","no","EXACT_TITLE_MATCH","72","72","2625","72","FAIL_REPRICE_XXXL_DARK_BLUE_NO_SHIPPING","PASS_REPRESENTATIVE_SAMPLE","","Apparel & Accessories > Clothing > Shorts","REMEDIATION_REQUIRED","Replace supplier keyword/specification dump; verify polyester/elastane composition, size chart, care/origin, and remove unsupported cooling/quick-dry claims.","REPRICE_OR_REJECT_AND_CONTENT_REVIEW","2026-07-26"
