"country","product_title","handle","variant_title","sku","current_storefront_price","supplier_cost_basis","shipping_cost_basis","shipping_evidence","minimum_price","recommended_action_price","price_change","price_action_required","quote_result","disposition","formula"
"CA","2024 Mens Print Pants Autumn/Winter New In Men's Clothing Trousers Sport Jogging Fitness Running Trousers Harajuku Streetwear","2024-mens-print-pants-autumn-winter-new-in-mens-clothing-trousers-sport-jogging-fitness-running-trousers-harajuku-streetwear","L / BLACK","14:193#BLACK;5:361385","24.93","9.97","3.03","VERIFIED_CANADA_QUOTE","25.32","25.99","1.06","yes","FAIL_REPRICE_REQUIRED","REPRICE_THEN_REVIEW","(supplier_cost + shipping + 0.30) / 0.52535"
"CA","2024 Mens Print Pants Autumn/Winter New In Men's Clothing Trousers Sport Jogging Fitness Running Trousers Harajuku Streetwear","2024-mens-print-pants-autumn-winter-new-in-mens-clothing-trousers-sport-jogging-fitness-running-trousers-harajuku-streetwear","L / GREY","14:691#GREY;5:361385","24.65","9.86","3.03","VERIFIED_CANADA_QUOTE","25.11","25.99","1.34","yes","FAIL_REPRICE_REQUIRED","REPRICE_THEN_REVIEW","(supplier_cost + shipping + 0.30) / 0.52535"
"CA","2024 Mens Print Pants Autumn/Winter New In Men's Clothing Trousers Sport Jogging Fitness Running Trousers Harajuku Streetwear","2024-mens-print-pants-autumn-winter-new-in-mens-clothing-trousers-sport-jogging-fitness-running-trousers-harajuku-streetwear","L / NAVY","14:200006157#NAVY;5:361385","24.79","9.92","3.03","VERIFIED_CANADA_QUOTE","25.22","25.99","1.20","yes","FAIL_REPRICE_REQUIRED","REPRICE_THEN_REVIEW","(supplier_cost + shipping + 0.30) / 0.52535"
"CA","2024 Mens Print Pants Autumn/Winter New In Men's Clothing Trousers Sport Jogging Fitness Running Trousers Harajuku Streetwear","2024-mens-print-pants-autumn-winter-new-in-mens-clothing-trousers-sport-jogging-fitness-running-trousers-harajuku-streetwear","M / BLACK","14:193#BLACK;5:361386","22.82","9.13","3.03","VERIFIED_CANADA_QUOTE","23.72","23.99","1.17","yes","FAIL_REPRICE_REQUIRED","REPRICE_THEN_REVIEW","(supplier_cost + shipping + 0.30) / 0.52535"
"CA","2024 Mens Print Pants Autumn/Winter New In Men's Clothing Trousers Sport Jogging Fitness Running Trousers Harajuku Streetwear","2024-mens-print-pants-autumn-winter-new-in-mens-clothing-trousers-sport-jogging-fitness-running-trousers-harajuku-streetwear","M / GREY","14:691#GREY;5:361386","22.78","9.11","3.03","VERIFIED_CANADA_QUOTE","23.68","23.99","1.21","yes","FAIL_REPRICE_REQUIRED","REPRICE_THEN_REVIEW","(supplier_cost + shipping + 0.30) / 0.52535"
"CA","2024 Mens Print Pants Autumn/Winter New In Men's Clothing Trousers Sport Jogging Fitness Running Trousers Harajuku Streetwear","2024-mens-print-pants-autumn-winter-new-in-mens-clothing-trousers-sport-jogging-fitness-running-trousers-harajuku-streetwear","M / NAVY","14:200006157#NAVY;5:361386","28.02","11.21","3.03","VERIFIED_CANADA_QUOTE","27.68","28.02","0.00","no","PASS_REPRESENTATIVE_SAMPLE","PRICE_PASSES_CURRENT_GATE","(supplier_cost + shipping + 0.30) / 0.52535"
"CA","2024 Mens Print Pants Autumn/Winter New In Men's Clothing Trousers Sport Jogging Fitness Running Trousers Harajuku Streetwear","2024-mens-print-pants-autumn-winter-new-in-mens-clothing-trousers-sport-jogging-fitness-running-trousers-harajuku-streetwear","S / BLACK","14:193#BLACK;5:100014064","24.09","9.63","3.03","VERIFIED_CANADA_QUOTE","24.67","24.99","0.90","yes","FAIL_REPRICE_REQUIRED","REPRICE_THEN_REVIEW","(supplier_cost + shipping + 0.30) / 0.52535"
"CA","2024 Mens Print Pants Autumn/Winter New In Men's Clothing Trousers Sport Jogging Fitness Running Trousers Harajuku Streetwear","2024-mens-print-pants-autumn-winter-new-in-mens-clothing-trousers-sport-jogging-fitness-running-trousers-harajuku-streetwear","S / GREY","14:691#GREY;5:100014064","24.23","9.69","3.03","VERIFIED_CANADA_QUOTE","24.78","24.99","0.76","yes","FAIL_REPRICE_REQUIRED","REPRICE_THEN_REVIEW","(supplier_cost + shipping + 0.30) / 0.52535"
"CA","2024 Mens Print Pants Autumn/Winter New In Men's Clothing Trousers Sport Jogging Fitness Running Trousers Harajuku Streetwear","2024-mens-print-pants-autumn-winter-new-in-mens-clothing-trousers-sport-jogging-fitness-running-trousers-harajuku-streetwear","S / NAVY","14:200006157#NAVY;5:100014064","24.05","9.62","3.03","VERIFIED_CANADA_QUOTE","24.65","24.99","0.94","yes","FAIL_REPRICE_REQUIRED","REPRICE_THEN_REVIEW","(supplier_cost + shipping + 0.30) / 0.52535"
"CA","2024 Mens Print Pants Autumn/Winter New In Men's Clothing Trousers Sport Jogging Fitness Running Trousers Harajuku Streetwear","2024-mens-print-pants-autumn-winter-new-in-mens-clothing-trousers-sport-jogging-fitness-running-trousers-harajuku-streetwear","XL / BLACK","14:193#BLACK;5:100014065","27.53","11.01","3.03","VERIFIED_CANADA_QUOTE","27.30","27.53","0.00","no","PASS_REPRESENTATIVE_SAMPLE","PRICE_PASSES_CURRENT_GATE","(supplier_cost + shipping + 0.30) / 0.52535"
"CA","2024 Mens Print Pants Autumn/Winter New In Men's Clothing Trousers Sport Jogging Fitness Running Trousers Harajuku Streetwear","2024-mens-print-pants-autumn-winter-new-in-mens-clothing-trousers-sport-jogging-fitness-running-trousers-harajuku-streetwear","XL / GREY","14:691#GREY;5:100014065","25.07","10.03","3.03","VERIFIED_CANADA_QUOTE","25.43","25.99","0.92","yes","FAIL_REPRICE_REQUIRED","REPRICE_THEN_REVIEW","(supplier_cost + shipping + 0.30) / 0.52535"
"CA","2024 Mens Print Pants Autumn/Winter New In Men's Clothing Trousers Sport Jogging Fitness Running Trousers Harajuku Streetwear","2024-mens-print-pants-autumn-winter-new-in-mens-clothing-trousers-sport-jogging-fitness-running-trousers-harajuku-streetwear","XL / NAVY","14:200006157#NAVY;5:100014065","24.93","9.97","3.03","VERIFIED_CANADA_QUOTE","25.32","25.99","1.06","yes","FAIL_REPRICE_REQUIRED","REPRICE_THEN_REVIEW","(supplier_cost + shipping + 0.30) / 0.52535"
"CA","2024 Mens Print Pants Autumn/Winter New In Men's Clothing Trousers Sport Jogging Fitness Running Trousers Harajuku Streetwear","2024-mens-print-pants-autumn-winter-new-in-mens-clothing-trousers-sport-jogging-fitness-running-trousers-harajuku-streetwear","XXL / BLACK","14:193#BLACK;5:4182","24.93","9.97","3.03","VERIFIED_CANADA_QUOTE","25.32","25.99","1.06","yes","FAIL_REPRICE_REQUIRED","REPRICE_THEN_REVIEW","(supplier_cost + shipping + 0.30) / 0.52535"
"CA","2024 Mens Print Pants Autumn/Winter New In Men's Clothing Trousers Sport Jogging Fitness Running Trousers Harajuku Streetwear","2024-mens-print-pants-autumn-winter-new-in-mens-clothing-trousers-sport-jogging-fitness-running-trousers-harajuku-streetwear","XXL / GREY","14:691#GREY;5:4182","25.74","10.30","3.03","VERIFIED_CANADA_QUOTE","25.94","25.99","0.25","yes","FAIL_REPRICE_REQUIRED","REPRICE_THEN_REVIEW","(supplier_cost + shipping + 0.30) / 0.52535"
"CA","2024 Mens Print Pants Autumn/Winter New In Men's Clothing Trousers Sport Jogging Fitness Running Trousers Harajuku Streetwear","2024-mens-print-pants-autumn-winter-new-in-mens-clothing-trousers-sport-jogging-fitness-running-trousers-harajuku-streetwear","XXL / NAVY","14:200006157#NAVY;5:4182","25.42","10.17","3.03","VERIFIED_CANADA_QUOTE","25.70","25.99","0.57","yes","FAIL_REPRICE_REQUIRED","REPRICE_THEN_REVIEW","(supplier_cost + shipping + 0.30) / 0.52535"
"CA","2024 Mens Print Pants Autumn/Winter New In Men's Clothing Trousers Sport Jogging Fitness Running Trousers Harajuku Streetwear","2024-mens-print-pants-autumn-winter-new-in-mens-clothing-trousers-sport-jogging-fitness-running-trousers-harajuku-streetwear","XXXL / BLACK","14:193#BLACK;5:4183","25.95","10.38","3.03","VERIFIED_CANADA_QUOTE","26.10","26.99","1.04","yes","FAIL_REPRICE_REQUIRED","REPRICE_THEN_REVIEW","(supplier_cost + shipping + 0.30) / 0.52535"
"CA","2024 Mens Print Pants Autumn/Winter New In Men's Clothing Trousers Sport Jogging Fitness Running Trousers Harajuku Streetwear","2024-mens-print-pants-autumn-winter-new-in-mens-clothing-trousers-sport-jogging-fitness-running-trousers-harajuku-streetwear","XXXL / GREY","14:691#GREY;5:4183","26.86","10.75","3.03","VERIFIED_CANADA_QUOTE","26.80","26.86","0.00","no","PASS_REPRESENTATIVE_SAMPLE","PRICE_PASSES_CURRENT_GATE","(supplier_cost + shipping + 0.30) / 0.52535"
"CA","2024 Mens Print Pants Autumn/Winter New In Men's Clothing Trousers Sport Jogging Fitness Running Trousers Harajuku Streetwear","2024-mens-print-pants-autumn-winter-new-in-mens-clothing-trousers-sport-jogging-fitness-running-trousers-harajuku-streetwear","XXXL / NAVY","14:200006157#NAVY;5:4183","26.72","10.69","3.03","VERIFIED_CANADA_QUOTE","26.69","26.72","0.00","no","PASS_REPRESENTATIVE_SAMPLE","PRICE_PASSES_CURRENT_GATE","(supplier_cost + shipping + 0.30) / 0.52535"
"CA","Everyday 100% Cotton T-Shirt","100-pure-cotton-t-shirt-with-round-neck-shoulder-design-for-both-men-women-summer-solid-color-short-sleeved-casual-loose-fit","Advanced Gray / L","14:173#Advanced Gray;5:361385","45.99","27.88","3.03","PLANNING_FLOOR_QUOTE_PENDING","59.41","59.99","14.00","yes","","REPRICE_THEN_REVIEW","(supplier_cost + shipping + 0.30) / 0.52535"
"CA","Everyday 100% Cotton T-Shirt","100-pure-cotton-t-shirt-with-round-neck-shoulder-design-for-both-men-women-summer-solid-color-short-sleeved-casual-loose-fit","Advanced Gray / M","14:173#Advanced Gray;5:361386","45.99","27.37","3.03","PLANNING_FLOOR_QUOTE_PENDING","58.44","58.99","13.00","yes","","REPRICE_THEN_REVIEW","(supplier_cost + shipping + 0.30) / 0.52535"
"CA","Everyday 100% Cotton T-Shirt","100-pure-cotton-t-shirt-with-round-neck-shoulder-design-for-both-men-women-summer-solid-color-short-sleeved-casual-loose-fit","Advanced Gray / S","14:173#Advanced Gray;5:100014064","45.99","26.79","3.03","PLANNING_FLOOR_QUOTE_PENDING","57.33","57.99","12.00","yes","","REPRICE_THEN_REVIEW","(supplier_cost + shipping + 0.30) / 0.52535"
"CA","Everyday 100% Cotton T-Shirt","100-pure-cotton-t-shirt-with-round-neck-shoulder-design-for-both-men-women-summer-solid-color-short-sleeved-casual-loose-fit","Advanced Gray / XL","14:173#Advanced Gray;5:100014065","45.99","28.61","3.03","PLANNING_FLOOR_QUOTE_PENDING","60.80","60.99","15.00","yes","","REPRICE_THEN_REVIEW","(supplier_cost + shipping + 0.30) / 0.52535"
"CA","Everyday 100% Cotton T-Shirt","100-pure-cotton-t-shirt-with-round-neck-shoulder-design-for-both-men-women-summer-solid-color-short-sleeved-casual-loose-fit","Advanced Gray / XXL","14:173#Advanced Gray;5:4182","45.99","29.24","3.03","PLANNING_FLOOR_QUOTE_PENDING","62.00","62.99","17.00","yes","","REPRICE_THEN_REVIEW","(supplier_cost + shipping + 0.30) / 0.52535"
"CA","Everyday 100% Cotton T-Shirt","100-pure-cotton-t-shirt-with-round-neck-shoulder-design-for-both-men-women-summer-solid-color-short-sleeved-casual-loose-fit","Advanced Gray / XXXL","14:173#Advanced Gray;5:4183","45.99","29.86","3.03","PLANNING_FLOOR_QUOTE_PENDING","63.18","63.99","18.00","yes","","REPRICE_THEN_REVIEW","(supplier_cost + shipping + 0.30) / 0.52535"
"CA","Everyday 100% Cotton T-Shirt","100-pure-cotton-t-shirt-with-round-neck-shoulder-design-for-both-men-women-summer-solid-color-short-sleeved-casual-loose-fit","Black / L","14:193#Black;5:361385","45.99","22.85","3.03","PLANNING_FLOOR_QUOTE_PENDING","49.83","49.99","4.00","yes","","REPRICE_THEN_REVIEW","(supplier_cost + shipping + 0.30) / 0.52535"
"CA","Everyday 100% Cotton T-Shirt","100-pure-cotton-t-shirt-with-round-neck-shoulder-design-for-both-men-women-summer-solid-color-short-sleeved-casual-loose-fit","Black / M","14:193#Black;5:361386","45.99","27.37","3.03","PLANNING_FLOOR_QUOTE_PENDING","58.44","58.99","13.00","yes","","REPRICE_THEN_REVIEW","(supplier_cost + shipping + 0.30) / 0.52535"
"CA","Everyday 100% Cotton T-Shirt","100-pure-cotton-t-shirt-with-round-neck-shoulder-design-for-both-men-women-summer-solid-color-short-sleeved-casual-loose-fit","Black / S","14:193#Black;5:100014064","45.99","26.79","3.03","PLANNING_FLOOR_QUOTE_PENDING","57.33","57.99","12.00","yes","","REPRICE_THEN_REVIEW","(supplier_cost + shipping + 0.30) / 0.52535"
"CA","Everyday 100% Cotton T-Shirt","100-pure-cotton-t-shirt-with-round-neck-shoulder-design-for-both-men-women-summer-solid-color-short-sleeved-casual-loose-fit","Black / XL","14:193#Black;5:100014065","45.99","28.89","3.03","PLANNING_FLOOR_QUOTE_PENDING","61.33","61.99","16.00","yes","","REPRICE_THEN_REVIEW","(supplier_cost + shipping + 0.30) / 0.52535"
"CA","Everyday 100% Cotton T-Shirt","100-pure-cotton-t-shirt-with-round-neck-shoulder-design-for-both-men-women-summer-solid-color-short-sleeved-casual-loose-fit","Black / XXL","14:193#Black;5:4182","45.99","29.24","3.03","PLANNING_FLOOR_QUOTE_PENDING","62.00","62.99","17.00","yes","","REPRICE_THEN_REVIEW","(supplier_cost + shipping + 0.30) / 0.52535"
"CA","Everyday 100% Cotton T-Shirt","100-pure-cotton-t-shirt-with-round-neck-shoulder-design-for-both-men-women-summer-solid-color-short-sleeved-casual-loose-fit","Black / XXXL","14:193#Black;5:4183","45.99","30.35","3.03","PLANNING_FLOOR_QUOTE_PENDING","64.11","64.99","19.00","yes","","REPRICE_THEN_REVIEW","(supplier_cost + shipping + 0.30) / 0.52535"
"CA","Everyday 100% Cotton T-Shirt","100-pure-cotton-t-shirt-with-round-neck-shoulder-design-for-both-men-women-summer-solid-color-short-sleeved-casual-loose-fit","White / L","14:771#White;5:361385","45.99","27.88","3.03","PLANNING_FLOOR_QUOTE_PENDING","59.41","59.99","14.00","yes","","REPRICE_THEN_REVIEW","(supplier_cost + shipping + 0.30) / 0.52535"
"CA","Everyday 100% Cotton T-Shirt","100-pure-cotton-t-shirt-with-round-neck-shoulder-design-for-both-men-women-summer-solid-color-short-sleeved-casual-loose-fit","White / M","14:771#White;5:361386","45.99","27.37","3.03","PLANNING_FLOOR_QUOTE_PENDING","58.44","58.99","13.00","yes","","REPRICE_THEN_REVIEW","(supplier_cost + shipping + 0.30) / 0.52535"
"CA","Everyday 100% Cotton T-Shirt","100-pure-cotton-t-shirt-with-round-neck-shoulder-design-for-both-men-women-summer-solid-color-short-sleeved-casual-loose-fit","White / S","14:771#White;5:100014064","45.99","26.79","3.03","PLANNING_FLOOR_QUOTE_PENDING","57.33","57.99","12.00","yes","","REPRICE_THEN_REVIEW","(supplier_cost + shipping + 0.30) / 0.52535"
"CA","Everyday 100% Cotton T-Shirt","100-pure-cotton-t-shirt-with-round-neck-shoulder-design-for-both-men-women-summer-solid-color-short-sleeved-casual-loose-fit","White / XL","14:771#White;5:100014065","45.99","28.80","3.03","PLANNING_FLOOR_QUOTE_PENDING","61.16","61.99","16.00","yes","","REPRICE_THEN_REVIEW","(supplier_cost + shipping + 0.30) / 0.52535"
"CA","Everyday 100% Cotton T-Shirt","100-pure-cotton-t-shirt-with-round-neck-shoulder-design-for-both-men-women-summer-solid-color-short-sleeved-casual-loose-fit","White / XXL","14:771#White;5:4182","45.99","29.80","3.03","PLANNING_FLOOR_QUOTE_PENDING","63.06","63.99","18.00","yes","","REPRICE_THEN_REVIEW","(supplier_cost + shipping + 0.30) / 0.52535"
"CA","Everyday 100% Cotton T-Shirt","100-pure-cotton-t-shirt-with-round-neck-shoulder-design-for-both-men-women-summer-solid-color-short-sleeved-casual-loose-fit","White / XXXL","14:771#White;5:4183","45.99","29.68","3.03","PLANNING_FLOOR_QUOTE_PENDING","62.83","62.99","17.00","yes","","REPRICE_THEN_REVIEW","(supplier_cost + shipping + 0.30) / 0.52535"
"CA","Everyday Pullover Hoodie","mens-casual-sports-hoodie-spring-autumn-fashion-solid-color-long-sleeved-pullover-with-arm-pocket-and-pull-rope-plus-size","L / image color","14:366#image color;5:361385","54.99","25.70","3.03","PLANNING_FLOOR_QUOTE_PENDING","55.26","55.99","1.00","yes","","REPRICE_THEN_REVIEW","(supplier_cost + shipping + 0.30) / 0.52535"
"CA","Everyday Pullover Hoodie","mens-casual-sports-hoodie-spring-autumn-fashion-solid-color-long-sleeved-pullover-with-arm-pocket-and-pull-rope-plus-size","L / image color 1","14:29#image color;5:361385","54.99","25.70","3.03","PLANNING_FLOOR_QUOTE_PENDING","55.26","55.99","1.00","yes","","REPRICE_THEN_REVIEW","(supplier_cost + shipping + 0.30) / 0.52535"
"CA","Everyday Pullover Hoodie","mens-casual-sports-hoodie-spring-autumn-fashion-solid-color-long-sleeved-pullover-with-arm-pocket-and-pull-rope-plus-size","L / image color 2","14:1254#image color;5:361385","54.99","25.70","3.03","PLANNING_FLOOR_QUOTE_PENDING","55.26","55.99","1.00","yes","","REPRICE_THEN_REVIEW","(supplier_cost + shipping + 0.30) / 0.52535"
"CA","Everyday Pullover Hoodie","mens-casual-sports-hoodie-spring-autumn-fashion-solid-color-long-sleeved-pullover-with-arm-pocket-and-pull-rope-plus-size","L / image color 3","14:1052#image color;5:361385","54.99","25.70","3.03","PLANNING_FLOOR_QUOTE_PENDING","55.26","55.99","1.00","yes","","REPRICE_THEN_REVIEW","(supplier_cost + shipping + 0.30) / 0.52535"
"CA","Everyday Pullover Hoodie","mens-casual-sports-hoodie-spring-autumn-fashion-solid-color-long-sleeved-pullover-with-arm-pocket-and-pull-rope-plus-size","L / image color 4","14:771#image color;5:361385","54.99","24.50","3.03","PLANNING_FLOOR_QUOTE_PENDING","52.97","54.99","0.00","no","","PRICE_PASSES_CURRENT_GATE","(supplier_cost + shipping + 0.30) / 0.52535"
"CA","Everyday Pullover Hoodie","mens-casual-sports-hoodie-spring-autumn-fashion-solid-color-long-sleeved-pullover-with-arm-pocket-and-pull-rope-plus-size","L / image color 5","14:350850#image color;5:361385","54.99","24.29","3.03","PLANNING_FLOOR_QUOTE_PENDING","52.57","54.99","0.00","no","","PRICE_PASSES_CURRENT_GATE","(supplier_cost + shipping + 0.30) / 0.52535"
"CA","Everyday Pullover Hoodie","mens-casual-sports-hoodie-spring-autumn-fashion-solid-color-long-sleeved-pullover-with-arm-pocket-and-pull-rope-plus-size","L / image color 6","14:193#image color;5:361385","54.99","27.27","3.03","PLANNING_FLOOR_QUOTE_PENDING","58.25","58.99","4.00","yes","","REPRICE_THEN_REVIEW","(supplier_cost + shipping + 0.30) / 0.52535"
"CA","Everyday Pullover Hoodie","mens-casual-sports-hoodie-spring-autumn-fashion-solid-color-long-sleeved-pullover-with-arm-pocket-and-pull-rope-plus-size","L / image color 7","14:691#image color;5:361385","54.99","24.84","3.03","PLANNING_FLOOR_QUOTE_PENDING","53.62","54.99","0.00","no","","PRICE_PASSES_CURRENT_GATE","(supplier_cost + shipping + 0.30) / 0.52535"
"CA","Everyday Pullover Hoodie","mens-casual-sports-hoodie-spring-autumn-fashion-solid-color-long-sleeved-pullover-with-arm-pocket-and-pull-rope-plus-size","M / image color","14:366#image color;5:361386","54.99","23.15","3.03","PLANNING_FLOOR_QUOTE_PENDING","50.40","54.99","0.00","no","","PRICE_PASSES_CURRENT_GATE","(supplier_cost + shipping + 0.30) / 0.52535"
"CA","Everyday Pullover Hoodie","mens-casual-sports-hoodie-spring-autumn-fashion-solid-color-long-sleeved-pullover-with-arm-pocket-and-pull-rope-plus-size","M / image color 1","14:29#image color;5:361386","54.99","25.55","3.03","PLANNING_FLOOR_QUOTE_PENDING","54.97","54.99","0.00","no","","PRICE_PASSES_CURRENT_GATE","(supplier_cost + shipping + 0.30) / 0.52535"
"CA","Everyday Pullover Hoodie","mens-casual-sports-hoodie-spring-autumn-fashion-solid-color-long-sleeved-pullover-with-arm-pocket-and-pull-rope-plus-size","M / image color 2","14:1254#image color;5:361386","54.99","25.55","3.03","PLANNING_FLOOR_QUOTE_PENDING","54.97","54.99","0.00","no","","PRICE_PASSES_CURRENT_GATE","(supplier_cost + shipping + 0.30) / 0.52535"
"CA","Everyday Pullover Hoodie","mens-casual-sports-hoodie-spring-autumn-fashion-solid-color-long-sleeved-pullover-with-arm-pocket-and-pull-rope-plus-size","M / image color 3","14:1052#image color;5:361386","54.99","25.55","3.03","PLANNING_FLOOR_QUOTE_PENDING","54.97","54.99","0.00","no","","PRICE_PASSES_CURRENT_GATE","(supplier_cost + shipping + 0.30) / 0.52535"
"CA","Everyday Pullover Hoodie","mens-casual-sports-hoodie-spring-autumn-fashion-solid-color-long-sleeved-pullover-with-arm-pocket-and-pull-rope-plus-size","M / image color 4","14:771#image color;5:361386","54.99","25.55","3.03","PLANNING_FLOOR_QUOTE_PENDING","54.97","54.99","0.00","no","","PRICE_PASSES_CURRENT_GATE","(supplier_cost + shipping + 0.30) / 0.52535"
"CA","Everyday Pullover Hoodie","mens-casual-sports-hoodie-spring-autumn-fashion-solid-color-long-sleeved-pullover-with-arm-pocket-and-pull-rope-plus-size","M / image color 5","14:350850#image color;5:361386","54.99","24.46","3.03","PLANNING_FLOOR_QUOTE_PENDING","52.90","54.99","0.00","no","","PRICE_PASSES_CURRENT_GATE","(supplier_cost + shipping + 0.30) / 0.52535"
"CA","Everyday Pullover Hoodie","mens-casual-sports-hoodie-spring-autumn-fashion-solid-color-long-sleeved-pullover-with-arm-pocket-and-pull-rope-plus-size","M / image color 6","14:193#image color;5:361386","54.99","25.44","3.03","PLANNING_FLOOR_QUOTE_PENDING","54.76","54.99","0.00","no","","PRICE_PASSES_CURRENT_GATE","(supplier_cost + shipping + 0.30) / 0.52535"
"CA","Everyday Pullover Hoodie","mens-casual-sports-hoodie-spring-autumn-fashion-solid-color-long-sleeved-pullover-with-arm-pocket-and-pull-rope-plus-size","M / image color 7","14:691#image color;5:361386","54.99","25.55","3.03","PLANNING_FLOOR_QUOTE_PENDING","54.97","54.99","0.00","no","","PRICE_PASSES_CURRENT_GATE","(supplier_cost + shipping + 0.30) / 0.52535"
"CA","Everyday Pullover Hoodie","mens-casual-sports-hoodie-spring-autumn-fashion-solid-color-long-sleeved-pullover-with-arm-pocket-and-pull-rope-plus-size","S / image color","14:366#image color;5:100014064","54.99","23.94","3.03","PLANNING_FLOOR_QUOTE_PENDING","51.91","54.99","0.00","no","","PRICE_PASSES_CURRENT_GATE","(supplier_cost + shipping + 0.30) / 0.52535"
"CA","Everyday Pullover Hoodie","mens-casual-sports-hoodie-spring-autumn-fashion-solid-color-long-sleeved-pullover-with-arm-pocket-and-pull-rope-plus-size","S / image color 1","14:29#image color;5:100014064","54.99","25.40","3.03","PLANNING_FLOOR_QUOTE_PENDING","54.69","54.99","0.00","no","","PRICE_PASSES_CURRENT_GATE","(supplier_cost + shipping + 0.30) / 0.52535"
"CA","Everyday Pullover Hoodie","mens-casual-sports-hoodie-spring-autumn-fashion-solid-color-long-sleeved-pullover-with-arm-pocket-and-pull-rope-plus-size","S / image color 2","14:1254#image color;5:100014064","54.99","24.19","3.03","PLANNING_FLOOR_QUOTE_PENDING","52.38","54.99","0.00","no","","PRICE_PASSES_CURRENT_GATE","(supplier_cost + shipping + 0.30) / 0.52535"
"CA","Everyday Pullover Hoodie","mens-casual-sports-hoodie-spring-autumn-fashion-solid-color-long-sleeved-pullover-with-arm-pocket-and-pull-rope-plus-size","S / image color 3","14:1052#image color;5:100014064","54.99","24.18","3.03","PLANNING_FLOOR_QUOTE_PENDING","52.37","54.99","0.00","no","","PRICE_PASSES_CURRENT_GATE","(supplier_cost + shipping + 0.30) / 0.52535"
"CA","Everyday Pullover Hoodie","mens-casual-sports-hoodie-spring-autumn-fashion-solid-color-long-sleeved-pullover-with-arm-pocket-and-pull-rope-plus-size","S / image color 4","14:771#image color;5:100014064","54.99","25.40","3.03","PLANNING_FLOOR_QUOTE_PENDING","54.69","54.99","0.00","no","","PRICE_PASSES_CURRENT_GATE","(supplier_cost + shipping + 0.30) / 0.52535"
"CA","Everyday Pullover Hoodie","mens-casual-sports-hoodie-spring-autumn-fashion-solid-color-long-sleeved-pullover-with-arm-pocket-and-pull-rope-plus-size","S / image color 5","14:350850#image color;5:100014064","54.99","25.40","3.03","PLANNING_FLOOR_QUOTE_PENDING","54.69","54.99","0.00","no","","PRICE_PASSES_CURRENT_GATE","(supplier_cost + shipping + 0.30) / 0.52535"
"CA","Everyday Pullover Hoodie","mens-casual-sports-hoodie-spring-autumn-fashion-solid-color-long-sleeved-pullover-with-arm-pocket-and-pull-rope-plus-size","S / image color 6","14:193#image color;5:100014064","54.99","24.02","3.03","PLANNING_FLOOR_QUOTE_PENDING","52.06","54.99","0.00","no","","PRICE_PASSES_CURRENT_GATE","(supplier_cost + shipping + 0.30) / 0.52535"
"CA","Everyday Pullover Hoodie","mens-casual-sports-hoodie-spring-autumn-fashion-solid-color-long-sleeved-pullover-with-arm-pocket-and-pull-rope-plus-size","S / image color 7","14:691#image color;5:100014064","54.99","25.40","3.03","PLANNING_FLOOR_QUOTE_PENDING","54.69","54.99","0.00","no","","PRICE_PASSES_CURRENT_GATE","(supplier_cost + shipping + 0.30) / 0.52535"
"CA","Everyday Pullover Hoodie","mens-casual-sports-hoodie-spring-autumn-fashion-solid-color-long-sleeved-pullover-with-arm-pocket-and-pull-rope-plus-size","XL / image color","14:366#image color;5:100014065","54.99","24.60","3.03","PLANNING_FLOOR_QUOTE_PENDING","53.16","54.99","0.00","no","","PRICE_PASSES_CURRENT_GATE","(supplier_cost + shipping + 0.30) / 0.52535"
"CA","Everyday Pullover Hoodie","mens-casual-sports-hoodie-spring-autumn-fashion-solid-color-long-sleeved-pullover-with-arm-pocket-and-pull-rope-plus-size","XL / image color 1","14:29#image color;5:100014065","54.99","25.84","3.03","PLANNING_FLOOR_QUOTE_PENDING","55.52","55.99","1.00","yes","","REPRICE_THEN_REVIEW","(supplier_cost + shipping + 0.30) / 0.52535"
"CA","Everyday Pullover Hoodie","mens-casual-sports-hoodie-spring-autumn-fashion-solid-color-long-sleeved-pullover-with-arm-pocket-and-pull-rope-plus-size","XL / image color 2","14:1254#image color;5:100014065","54.99","25.84","3.03","PLANNING_FLOOR_QUOTE_PENDING","55.52","55.99","1.00","yes","","REPRICE_THEN_REVIEW","(supplier_cost + shipping + 0.30) / 0.52535"
"CA","Everyday Pullover Hoodie","mens-casual-sports-hoodie-spring-autumn-fashion-solid-color-long-sleeved-pullover-with-arm-pocket-and-pull-rope-plus-size","XL / image color 3","14:1052#image color;5:100014065","54.99","25.84","3.03","PLANNING_FLOOR_QUOTE_PENDING","55.52","55.99","1.00","yes","","REPRICE_THEN_REVIEW","(supplier_cost + shipping + 0.30) / 0.52535"
"CA","Everyday Pullover Hoodie","mens-casual-sports-hoodie-spring-autumn-fashion-solid-color-long-sleeved-pullover-with-arm-pocket-and-pull-rope-plus-size","XL / image color 4","14:771#image color;5:100014065","54.99","25.84","3.03","PLANNING_FLOOR_QUOTE_PENDING","55.52","55.99","1.00","yes","","REPRICE_THEN_REVIEW","(supplier_cost + shipping + 0.30) / 0.52535"
"CA","Everyday Pullover Hoodie","mens-casual-sports-hoodie-spring-autumn-fashion-solid-color-long-sleeved-pullover-with-arm-pocket-and-pull-rope-plus-size","XL / image color 5","14:350850#image color;5:100014065","54.99","25.16","3.03","PLANNING_FLOOR_QUOTE_PENDING","54.23","54.99","0.00","no","","PRICE_PASSES_CURRENT_GATE","(supplier_cost + shipping + 0.30) / 0.52535"
"CA","Everyday Pullover Hoodie","mens-casual-sports-hoodie-spring-autumn-fashion-solid-color-long-sleeved-pullover-with-arm-pocket-and-pull-rope-plus-size","XL / image color 6","14:193#image color;5:100014065","54.99","27.72","3.03","PLANNING_FLOOR_QUOTE_PENDING","59.10","59.99","5.00","yes","","REPRICE_THEN_REVIEW","(supplier_cost + shipping + 0.30) / 0.52535"
"CA","Everyday Pullover Hoodie","mens-casual-sports-hoodie-spring-autumn-fashion-solid-color-long-sleeved-pullover-with-arm-pocket-and-pull-rope-plus-size","XL / image color 7","14:691#image color;5:100014065","54.99","25.08","3.03","PLANNING_FLOOR_QUOTE_PENDING","54.08","54.99","0.00","no","","PRICE_PASSES_CURRENT_GATE","(supplier_cost + shipping + 0.30) / 0.52535"
"CA","Everyday Pullover Hoodie","mens-casual-sports-hoodie-spring-autumn-fashion-solid-color-long-sleeved-pullover-with-arm-pocket-and-pull-rope-plus-size","XXL / image color","14:366#image color;5:4182","54.99","25.18","3.03","PLANNING_FLOOR_QUOTE_PENDING","54.27","54.99","0.00","no","","PRICE_PASSES_CURRENT_GATE","(supplier_cost + shipping + 0.30) / 0.52535"
"CA","Everyday Pullover Hoodie","mens-casual-sports-hoodie-spring-autumn-fashion-solid-color-long-sleeved-pullover-with-arm-pocket-and-pull-rope-plus-size","XXL / image color 1","14:29#image color;5:4182","54.99","25.15","3.03","PLANNING_FLOOR_QUOTE_PENDING","54.21","54.99","0.00","no","","PRICE_PASSES_CURRENT_GATE","(supplier_cost + shipping + 0.30) / 0.52535"
"CA","Everyday Pullover Hoodie","mens-casual-sports-hoodie-spring-autumn-fashion-solid-color-long-sleeved-pullover-with-arm-pocket-and-pull-rope-plus-size","XXL / image color 2","14:1254#image color;5:4182","54.99","26.00","3.03","PLANNING_FLOOR_QUOTE_PENDING","55.83","55.99","1.00","yes","","REPRICE_THEN_REVIEW","(supplier_cost + shipping + 0.30) / 0.52535"
"CA","Everyday Pullover Hoodie","mens-casual-sports-hoodie-spring-autumn-fashion-solid-color-long-sleeved-pullover-with-arm-pocket-and-pull-rope-plus-size","XXL / image color 3","14:1052#image color;5:4182","54.99","26.00","3.03","PLANNING_FLOOR_QUOTE_PENDING","55.83","55.99","1.00","yes","","REPRICE_THEN_REVIEW","(supplier_cost + shipping + 0.30) / 0.52535"
"CA","Everyday Pullover Hoodie","mens-casual-sports-hoodie-spring-autumn-fashion-solid-color-long-sleeved-pullover-with-arm-pocket-and-pull-rope-plus-size","XXL / image color 4","14:771#image color;5:4182","54.99","26.00","3.03","PLANNING_FLOOR_QUOTE_PENDING","55.83","55.99","1.00","yes","","REPRICE_THEN_REVIEW","(supplier_cost + shipping + 0.30) / 0.52535"
"CA","Everyday Pullover Hoodie","mens-casual-sports-hoodie-spring-autumn-fashion-solid-color-long-sleeved-pullover-with-arm-pocket-and-pull-rope-plus-size","XXL / image color 5","14:350850#image color;5:4182","54.99","25.27","3.03","PLANNING_FLOOR_QUOTE_PENDING","54.44","54.99","0.00","no","","PRICE_PASSES_CURRENT_GATE","(supplier_cost + shipping + 0.30) / 0.52535"
"CA","Everyday Pullover Hoodie","mens-casual-sports-hoodie-spring-autumn-fashion-solid-color-long-sleeved-pullover-with-arm-pocket-and-pull-rope-plus-size","XXL / image color 6","14:193#image color;5:4182","54.99","25.98","3.03","PLANNING_FLOOR_QUOTE_PENDING","55.79","55.99","1.00","yes","","REPRICE_THEN_REVIEW","(supplier_cost + shipping + 0.30) / 0.52535"
"CA","Everyday Pullover Hoodie","mens-casual-sports-hoodie-spring-autumn-fashion-solid-color-long-sleeved-pullover-with-arm-pocket-and-pull-rope-plus-size","XXL / image color 7","14:691#image color;5:4182","54.99","25.18","3.03","PLANNING_FLOOR_QUOTE_PENDING","54.27","54.99","0.00","no","","PRICE_PASSES_CURRENT_GATE","(supplier_cost + shipping + 0.30) / 0.52535"
"CA","Everyday Pullover Hoodie","mens-casual-sports-hoodie-spring-autumn-fashion-solid-color-long-sleeved-pullover-with-arm-pocket-and-pull-rope-plus-size","XXXL / image color","14:366#image color;5:4183","54.99","25.86","3.03","PLANNING_FLOOR_QUOTE_PENDING","55.56","55.99","1.00","yes","","REPRICE_THEN_REVIEW","(supplier_cost + shipping + 0.30) / 0.52535"
"CA","Everyday Pullover Hoodie","mens-casual-sports-hoodie-spring-autumn-fashion-solid-color-long-sleeved-pullover-with-arm-pocket-and-pull-rope-plus-size","XXXL / image color 1","14:29#image color;5:4183","54.99","26.15","3.03","PLANNING_FLOOR_QUOTE_PENDING","56.11","56.99","2.00","yes","","REPRICE_THEN_REVIEW","(supplier_cost + shipping + 0.30) / 0.52535"
"CA","Everyday Pullover Hoodie","mens-casual-sports-hoodie-spring-autumn-fashion-solid-color-long-sleeved-pullover-with-arm-pocket-and-pull-rope-plus-size","XXXL / image color 2","14:1254#image color;5:4183","54.99","26.15","3.03","PLANNING_FLOOR_QUOTE_PENDING","56.11","56.99","2.00","yes","","REPRICE_THEN_REVIEW","(supplier_cost + shipping + 0.30) / 0.52535"
"CA","Everyday Pullover Hoodie","mens-casual-sports-hoodie-spring-autumn-fashion-solid-color-long-sleeved-pullover-with-arm-pocket-and-pull-rope-plus-size","XXXL / image color 3","14:1052#image color;5:4183","54.99","26.15","3.03","PLANNING_FLOOR_QUOTE_PENDING","56.11","56.99","2.00","yes","","REPRICE_THEN_REVIEW","(supplier_cost + shipping + 0.30) / 0.52535"
"CA","Everyday Pullover Hoodie","mens-casual-sports-hoodie-spring-autumn-fashion-solid-color-long-sleeved-pullover-with-arm-pocket-and-pull-rope-plus-size","XXXL / image color 4","14:771#image color;5:4183","54.99","26.15","3.03","PLANNING_FLOOR_QUOTE_PENDING","56.11","56.99","2.00","yes","","REPRICE_THEN_REVIEW","(supplier_cost + shipping + 0.30) / 0.52535"
"CA","Everyday Pullover Hoodie","mens-casual-sports-hoodie-spring-autumn-fashion-solid-color-long-sleeved-pullover-with-arm-pocket-and-pull-rope-plus-size","XXXL / image color 5","14:350850#image color;5:4183","54.99","25.88","3.03","PLANNING_FLOOR_QUOTE_PENDING","55.60","55.99","1.00","yes","","REPRICE_THEN_REVIEW","(supplier_cost + shipping + 0.30) / 0.52535"
"CA","Everyday Pullover Hoodie","mens-casual-sports-hoodie-spring-autumn-fashion-solid-color-long-sleeved-pullover-with-arm-pocket-and-pull-rope-plus-size","XXXL / image color 6","14:193#image color;5:4183","54.99","29.06","3.03","PLANNING_FLOOR_QUOTE_PENDING","61.65","61.99","7.00","yes","","REPRICE_THEN_REVIEW","(supplier_cost + shipping + 0.30) / 0.52535"
"CA","Everyday Pullover Hoodie","mens-casual-sports-hoodie-spring-autumn-fashion-solid-color-long-sleeved-pullover-with-arm-pocket-and-pull-rope-plus-size","XXXL / image color 7","14:691#image color;5:4183","54.99","26.15","3.03","PLANNING_FLOOR_QUOTE_PENDING","56.11","56.99","2.00","yes","","REPRICE_THEN_REVIEW","(supplier_cost + shipping + 0.30) / 0.52535"
"US","1/2PCS Men Business Watches Fashion Men's Steel Band Quartz Watch with Bracelet?Box not Included?","1-2pcs-men-business-watches-fashion-mens-steel-band-quartz-watch-with-bracelet-box-not-included","ALL MAPPED VARIANTS (CONSERVATIVE MAX COST)","","","4.21","1.99","VERIFIED_US_QUOTE","12.37","12.99","","yes","PASS_EXACT_PENDING_US_STOREFRONT_PRICE","USD_STOREFRONT_PRICE_VALIDATION_REQUIRED","(supplier_cost + shipping + 0.30) / 0.52535"
"US","3PCS/Set Men Business Watches Casual Leather Band Analog Male's Quartz Watch Necklace Bracelet Set","3pcs-set-men-business-watches-casual-leather-band-analog-males-quartz-watch-necklace-bracelet-set","ALL MAPPED VARIANTS (CONSERVATIVE MAX COST)","","","3.56","1.99","VERIFIED_US_QUOTE","11.14","11.99","","yes","PASS_EXACT_PENDING_US_STOREFRONT_PRICE","USD_STOREFRONT_PRICE_VALIDATION_REQUIRED","(supplier_cost + shipping + 0.30) / 0.52535"
"US","Adjustable Rhinestone Ring","minimalist-acrylic-rhinestone-open-ring-for-women-korean-fashion-geometry-adjustable-knuckle-ring-party-jewelry-lady-gifts","ACTIVE SELLABLE SET (CONSERVATIVE MAX COST)","","10.85","2.50","1.99","VERIFIED_US_ACTIVE_QUOTE_SET","9.12","9.99","0.00","no","PASS_SHIPPING_PENDING_US_STOREFRONT_PRICE","ACTIVE_US_PRICE_VALIDATED","(supplier_cost + shipping + 0.30) / 0.52535"
"US","Breezy Everyday Pants","ice-silk-mens-pants-2025-summer-new-black-gray-thin-business-casual-pants-outdoor-elastic-breathable-straight-leg-sweatpants","ACTIVE SELLABLE SET (CONSERVATIVE MAX COST)","","21.99","9.08","1.99","VERIFIED_US_ACTIVE_QUOTE_SET","21.64","21.99","0.00","no","PASS_REPRESENTATIVE_SAMPLE_PENDING_US_STOREFRONT_PRICE","ACTIVE_US_FIXED_OVERRIDE_VALIDATED","(supplier_cost + shipping + 0.30) / 0.52535"
"US","Car Sun Visor Organizer","sun-visor-organizer-clip","ACTIVE SELLABLE SET (CONSERVATIVE MAX COST)","","10.85","2.30","1.99","VERIFIED_US_ACTIVE_QUOTE_SET","8.74","8.99","0.00","no","PASS_SHIPPING_PENDING_US_STOREFRONT_PRICE","ACTIVE_US_PRICE_VALIDATED","(supplier_cost + shipping + 0.30) / 0.52535"
"US","Compact Bicycle Bell","compact-bicycle-bell","ACTIVE SELLABLE SET (CONSERVATIVE MAX COST)","","10.85","2.58","1.99","VERIFIED_US_ACTIVE_QUOTE_SET","9.27","9.99","0.00","no","PASS_SHIPPING_PENDING_US_STOREFRONT_PRICE","ACTIVE_US_PRICE_VALIDATED","(supplier_cost + shipping + 0.30) / 0.52535"
"US","Digital Watch & Jewellery Gift Set","6-piece-set-of-fashion-electronic-watch-necklace-earrings-ring-set-for-teenagers-boys-and-girls-the-best-choice-for-frien-watch-for-women-women-watches","ALL MAPPED VARIANTS (CONSERVATIVE MAX COST)","","","13.43","0.00","VERIFIED_US_QUOTE","26.13","26.99","","yes","PASS_EXACT_PENDING_US_STOREFRONT_PRICE","USD_STOREFRONT_PRICE_VALIDATION_REQUIRED","(supplier_cost + shipping + 0.30) / 0.52535"
"US","Everyday Carabiner Clip Set","4pcs-metal-carabiner-clip-keychain-hook-holder-key-ring-organizer-for-car-keys-daily-storage","ACTIVE SELLABLE SET (CONSERVATIVE MAX COST)","","10.85","2.08","1.99","VERIFIED_US_ACTIVE_QUOTE_SET","8.32","8.99","0.00","no","PASS_SHIPPING_PENDING_US_STOREFRONT_PRICE","ACTIVE_US_PRICE_VALIDATED","(supplier_cost + shipping + 0.30) / 0.52535"
"US","Everyday Performance Shorts","clearance_summer-running-shorts-for-men-casual-jogging-sport-short-pants-wave-pattern-solid-color-drawstring-loose-dry-gym-sport","ACTIVE SELLABLE SET (CONSERVATIVE MAX COST)","","34.99","15.62","1.99","VERIFIED_US_ACTIVE_QUOTE_SET","34.09","34.99","0.00","no","PASS_REPRESENTATIVE_SAMPLE_PENDING_US_STOREFRONT_PRICE","ACTIVE_US_FIXED_OVERRIDE_VALIDATED","(supplier_cost + shipping + 0.30) / 0.52535"
"US","Everyday Polarized Sunglasses","nd-dimming-glasses-polarized-sunglasses-men-women-round-retro-punk-driving-eyeglasses-outdoor-shades-uv400-adjustable-eyewear","ACTIVE SELLABLE SET (CONSERVATIVE MAX COST)","","21.70","8.28","1.99","VERIFIED_US_ACTIVE_QUOTE_SET","20.12","20.99","0.00","no","PASS_SHIPPING_PENDING_US_STOREFRONT_PRICE","ACTIVE_US_PRICE_VALIDATED","(supplier_cost + shipping + 0.30) / 0.52535"
"US","Long-Handle Bottle Brush","long-handle-silicone-bottle-brush-cleaning-brush-kitchen-cleaning-cup-brush-thermos-glass-brush-cleaning-tools","ACTIVE SELLABLE SET (CONSERVATIVE MAX COST)","","8.68","1.84","1.99","VERIFIED_US_ACTIVE_QUOTE_SET","7.86","7.99","0.00","no","PASS_SHIPPING_PENDING_US_STOREFRONT_PRICE","ACTIVE_US_PRICE_VALIDATED","(supplier_cost + shipping + 0.30) / 0.52535"
"US","Long-Sleeve Performance Tee","men-bodybuilding-sport-t-shirt-quick-dry-running-shirt-long-sleeve-compression-top-gym-t-shirt-men-fitness-tight-rashgard","ACTIVE SELLABLE SET (CONSERVATIVE MAX COST)","","19.99","7.98","1.99","VERIFIED_US_ACTIVE_QUOTE_SET","19.55","19.99","0.00","no","FAIL_NO_US_SHIPPING;PASS_REPRESENTATIVE_SAMPLE_PENDING_US_STOREFRONT_PRICE","ACTIVE_US_FIXED_OVERRIDE_VALIDATED","(supplier_cost + shipping + 0.30) / 0.52535"
"US","Men's Cotton-Linen Wide-Leg Pants","2025-summer-mens-cotton-and-linen-oversized-wide-leg-pants-mens-artistic-style-elastic-waist-solid-color-casual-loose-pants","ACTIVE SELLABLE SET (CONSERVATIVE MAX COST)","","28.51","11.07","1.99","VERIFIED_US_ACTIVE_QUOTE_SET","25.43","25.99","0.00","no","PASS_REPRESENTATIVE_SAMPLE_PENDING_US_STOREFRONT_PRICE","ACTIVE_US_PRICE_VALIDATED","(supplier_cost + shipping + 0.30) / 0.52535"
"US","Men's High-Neck Knit Sweater","2026-new-mens-high-neck-sweater-solid-color-pullover-knitted-warm-casual-turtleneck-sweatwear-woolen-mens-winter-outdoor-tops","ACTIVE SELLABLE SET (CONSERVATIVE MAX COST)","","30.99","13.51","1.99","VERIFIED_US_ACTIVE_QUOTE_SET","30.08","30.99","0.00","no","FAIL_NO_US_SHIPPING;PASS_REPRESENTATIVE_SAMPLE_PENDING_US_STOREFRONT_PRICE","ACTIVE_US_FIXED_OVERRIDE_VALIDATED","(supplier_cost + shipping + 0.30) / 0.52535"
"US","Quick-Dry Training Shorts","running-shorts-summer-gym-sportswear-men-jogging-outdoor-sports-shorts-fitness-man-quick-dry-breathable-pants-male-clothing","ACTIVE SELLABLE SET (CONSERVATIVE MAX COST)","","18.81","6.95","1.99","VERIFIED_US_ACTIVE_QUOTE_SET","17.59","17.99","0.00","no","FAIL_NO_US_SHIPPING;PASS_REPRESENTATIVE_SAMPLE_PENDING_US_STOREFRONT_PRICE","ACTIVE_US_PRICE_VALIDATED","(supplier_cost + shipping + 0.30) / 0.52535"
"US","Travel Pet Water Bottle","travel-pet-water-bottle","ACTIVE SELLABLE SET (CONSERVATIVE MAX COST)","","14.46","3.56","1.99","VERIFIED_US_ACTIVE_QUOTE_SET","11.14","11.99","0.00","no","PASS_SHIPPING_PENDING_US_STOREFRONT_PRICE","ACTIVE_US_PRICE_VALIDATED","(supplier_cost + shipping + 0.30) / 0.52535"
