"sequence","tranche","product","handle","current_status","workstream","current_decision","required_action","completion_test"
"1","3_VARIANT_AND_CONTENT_REPAIR","New Girl Dresses Princess Costume Kids Mermaid Cosplay Costume Kids Carnival Birthday Party Prom Costume Party Dresses For girls","new-girl-dresses-princess-costume-kids-mermaid-cosplay-costume-kids-carnival-birthday-party-prom-costume-party-dresses-for-girls","DRAFT","C2_DRAFT_REPRICE_CONTENT_REVIEW","DRAFT_QUOTE_COMPLETE_REPRICE_REQUIRED","Quote Canada and US; verify textile composition, sizing, flammability/labeling evidence, and remove ambiguous cosplay claims before activation.","Passing sellable variants; CA/US margin and catalog prices; content/compliance; both live checkouts; final Active or Hold."
"2","3_VARIANT_AND_CONTENT_REPAIR","Precision Nail Clippers","large-opening-nail-clippers-gray-nail-trimmer-thick-nails-for-the-elderly-individual-household-nail-clippers-durable","DRAFT","C3_DRAFT_CONTENT_REVIEW","DRAFT_QUOTE_COMPLETE_CONTENT_REVIEW","Complete content/compliance review and contribution validation before activation.","Passing sellable variants; CA/US margin and catalog prices; content/compliance; both live checkouts; final Active or Hold."
"3","2_US_ONLY_DUAL_COUNTRY_REPAIR","Digital Watch & Jewellery Gift Set","6-piece-set-of-fashion-electronic-watch-necklace-earrings-ring-set-for-teenagers-boys-and-girls-the-best-choice-for-frien-watch-for-women-women-watches","DRAFT","C5_DRAFT_US_READY_MARKET_BLOCKED","DRAFT_US_PRICE_CONTENT_READY_MARKET_BLOCKED","Keep Draft until the Managed Markets US checkout blocker is resolved; then verify live US-only visibility and delivery before activation.","Passing sellable variants; CA/US margin and catalog prices; content/compliance; both live checkouts; final Active or Hold."
"4","2_US_ONLY_DUAL_COUNTRY_REPAIR","Quartz Watch, Bracelet & Necklace Set","3pcs-set-men-business-watches-casual-leather-band-analog-males-quartz-watch-necklace-bracelet-set","DRAFT","C5_DRAFT_US_READY_MARKET_BLOCKED","DRAFT_US_PRICE_CONTENT_READY_MARKET_BLOCKED","Keep Draft until the Managed Markets US checkout blocker is resolved; then verify live US-only visibility and delivery before activation.","Passing sellable variants; CA/US margin and catalog prices; content/compliance; both live checkouts; final Active or Hold."
"5","2_US_ONLY_DUAL_COUNTRY_REPAIR","Stainless-Steel Quartz Watch & Bracelet","1-2pcs-men-business-watches-fashion-mens-steel-band-quartz-watch-with-bracelet-box-not-included","DRAFT","C5_DRAFT_US_READY_MARKET_BLOCKED","DRAFT_US_PRICE_CONTENT_READY_MARKET_BLOCKED","Keep Draft until the Managed Markets US checkout blocker is resolved; then verify live US-only visibility and delivery before activation.","Passing sellable variants; CA/US margin and catalog prices; content/compliance; both live checkouts; final Active or Hold."
"6","1_REMEDIATED_DRAFTS","Children's Solid-Color Tights","summer-spring-candy-color-kids-pantyhose-ballet-dance-tights-for-girls-stocking-children-velvet-solid-white-pantyhose","DRAFT","C6_DRAFT_REMEDIATED_REVIEW","DRAFT_PRICE_CONTENT_TAXONOMY_VERIFIED","Keep Draft; replace or separate the failing variant and complete children's textile/compliance review.","Passing sellable variants; CA/US margin and catalog prices; content/compliance; both live checkouts; final Active or Hold."
"7","1_REMEDIATED_DRAFTS","Everyday Crew-Neck T-Shirt","100-pure-cotton-t-shirt-with-round-neck-shoulder-design-for-both-men-women-summer-solid-color-short-sleeved-casual-loose-fit","DRAFT","C6_DRAFT_REMEDIATED_REVIEW","DRAFT_PRICE_CONTENT_TAXONOMY_VERIFIED","Keep Draft; replace or separate the no-Canada-shipping variant and verify textile facts before activation.","Passing sellable variants; CA/US margin and catalog prices; content/compliance; both live checkouts; final Active or Hold."
"8","1_REMEDIATED_DRAFTS","Men's Everyday Shorts","summer-mens-shorts-cool-sportswear-running-sport-shorts-casual-bottoms-gym-fitness-training-jogging-short-pants-men-black-gray","DRAFT","C6_DRAFT_REMEDIATED_REVIEW","DRAFT_PRICE_CONTENT_TAXONOMY_VERIFIED","Keep Draft; replace or separate the failing variant and verify textile specifications before activation.","Passing sellable variants; CA/US margin and catalog prices; content/compliance; both live checkouts; final Active or Hold."
"9","1_REMEDIATED_DRAFTS","Men's High-Neck Base-Layer Top","thermal-underwear-tops-men-winter-clothes-thermal-shirt-autumn-mens-winter-tights-high-neck-thin-slim-fit-long-sleeve-t-shirt","DRAFT","C6_DRAFT_REMEDIATED_REVIEW","DRAFT_PRICE_CONTENT_TAXONOMY_VERIFIED","Keep Draft; replace or separate Coffee / 3L and verify textile specifications before activation.","Passing sellable variants; CA/US margin and catalog prices; content/compliance; both live checkouts; final Active or Hold."
"10","1_REMEDIATED_DRAFTS","Printed Children's Winter Mittens","windproof-infant-stroller-gloves-childrens-outdoor-sports-mittens-cartoon-printed-hands-warmer-scooter-accessory-for-winter","DRAFT","C6_DRAFT_REMEDIATED_REVIEW","DRAFT_PRICE_CONTENT_TAXONOMY_VERIFIED","Keep Draft; replace or separate C/E/F and complete children's textile/compliance review.","Passing sellable variants; CA/US margin and catalog prices; content/compliance; both live checkouts; final Active or Hold."
"11","4_SUPPLIER_REPLACEMENT_OR_REJECT","Adjustable Raised Pet Bowl Set","pet-supplies-cat-bowls-water-bowls-dog-bowls-tip-over-resistant-pet-bowls-height-adjustable","DRAFT","H4_DRAFT_CANADA_FAIL_EXCLUDED","DRAFT_CANADA_QUOTE_FAIL_KEEP_EXCLUDED","Keep excluded; replace supplier or reprice before spending time on US quotes or activation.","Replacement supplier passes Canada and US economics, or product rejected/archived."
"12","4_SUPPLIER_REPLACEMENT_OR_REJECT","Compact Manicure Set","compact-manicure-set","DRAFT","H4_DRAFT_CANADA_FAIL_EXCLUDED","DRAFT_CANADA_QUOTE_FAIL_KEEP_EXCLUDED","Keep excluded; replace supplier or reprice before spending time on US quotes or activation.","Replacement supplier passes Canada and US economics, or product rejected/archived."
"13","4_SUPPLIER_REPLACEMENT_OR_REJECT","Magnetic Hair Clip","1-2pcs-magnetic-hair-clip-invisible-strong-hold-2-in-1-design-for-fine-and-thick-hair-styling-accessory-practical-gift-for-women","DRAFT","H4_DRAFT_CANADA_FAIL_EXCLUDED","DRAFT_CANADA_QUOTE_FAIL_KEEP_EXCLUDED","Keep excluded; replace supplier or reprice before spending time on US quotes or activation.","Replacement supplier passes Canada and US economics, or product rejected/archived."
"14","4_SUPPLIER_REPLACEMENT_OR_REJECT","No-Drill Shower Shelf","no-drill-shower-shelf","DRAFT","H4_DRAFT_CANADA_FAIL_EXCLUDED","DRAFT_CANADA_QUOTE_FAIL_KEEP_EXCLUDED","Keep excluded; replace supplier or reprice before spending time on US quotes or activation.","Replacement supplier passes Canada and US economics, or product rejected/archived."
"15","4_SUPPLIER_REPLACEMENT_OR_REJECT","Outdoor Cycling Sunglasses","scvcn-new-outdoor-cycling-sunglasses-men-road-driving-bike-glasses-sports-mountain-climbing-women-bicycle-cycling-uv400-goggles","DRAFT","H4_DRAFT_CANADA_FAIL_EXCLUDED","DRAFT_CANADA_QUOTE_FAIL_KEEP_EXCLUDED","Keep excluded; replace supplier or reprice before spending time on US quotes or activation.","Replacement supplier passes Canada and US economics, or product rejected/archived."
"16","4_SUPPLIER_REPLACEMENT_OR_REJECT","Portable Mini Bag Sealer — Handheld Heat Sealer","portable-mini-bag-sealer-handheld-heat-sealer","DRAFT","H4_MAPPED_SUPPLIER_REPLACEMENT","MAPPED_SUPPLIER_REPLACEMENT_REQUIRED","Keep Draft; replace the supplier or reject the product before Canada/U.S. launch.","Replacement supplier passes Canada and US economics, or product rejected/archived."
"17","5_MAPPING_AND_SYNC","6-Piece Silicone Spatula Set","6-piece-silicone-spatula-set","DRAFT","H2_MAPPING_SYNC_REQUIRED","MAPPED_AND_QUOTED_SYNC_REQUIRED","Keep Draft until cost, SKU, stock, pricing, and both-country checkout are re-read after synchronization.","Supplier mapping and Shopify cost/SKU/stock synchronized, or product archived."
"18","5_MAPPING_AND_SYNC","Multi-Compartment Desk Organizer","multi-compartment-desk-organizer","DRAFT","H2_MAPPING_SYNC_REQUIRED","MAPPED_AND_QUOTED_SYNC_REQUIRED","Keep Draft and excluded until DSers-to-Shopify supplier metadata and inventory synchronize; then re-read cost, stock, storefront visibility, and both-country checkout.","Supplier mapping and Shopify cost/SKU/stock synchronized, or product archived."
"19","5_MAPPING_AND_SYNC","Custom Neon Sign","custom-neon-sign","DRAFT","H2_CONFIRMED_UNMAPPED","CONFIRMED_UNMAPPED_KEEP_EXCLUDED","Keep Draft and excluded. Archive if unwanted, or deliberately import/map a verified supplier before quoting.","Supplier mapping and Shopify cost/SKU/stock synchronized, or product archived."
"20","6_RISK_EVIDENCE_OR_REJECT","1:16 Remote-Control Monster Truck","rc-monster-truck-1-16-scale-remote-control-car-2-4ghz-alloy-shell-20km-h-fast-off-road-rc-car-led-led-headlight-toy-gift-for-kid","DRAFT","H1_RISK_HOLD","HOLD_RISK_REVIEW","Keep held until safety/claims/IP/compliance review is complete.","Required safety/compliance/IP evidence recorded and product approved, or final hold/reject/archive."
"21","6_RISK_EVIDENCE_OR_REJECT","1:64 RC Construction Vehicle Set","1-64-bluetooth-remote-control-crane-and-forklift-two-in-one-desktop-mini-alloy-toy-car-with-trailer-christmas-gift-in-color-box","DRAFT","H1_RISK_HOLD","HOLD_RISK_REVIEW","Keep held until safety/claims/IP/compliance review is complete.","Required safety/compliance/IP evidence recorded and product approved, or final hold/reject/archive."
"22","6_RISK_EVIDENCE_OR_REJECT","15cm Women's Rabbit Fur Keychain Bag Car Pendant Jewelry Decoration Fashionable Accessory for Bags And Gifts","15cm-womens-rabbit-fur-keychain-bag-car-pendant-jewelry-decoration-fashionable-accessory-for-bags-and-gifts","DRAFT","H1_RISK_HOLD","HOLD_CONTENT_COMPLIANCE_REVIEW","Verified material/species origin, lawful sourcing/import evidence, and accurate disclosure; otherwise reject.","Required safety/compliance/IP evidence recorded and product approved, or final hold/reject/archive."
"23","6_RISK_EVIDENCE_OR_REJECT","1PCS Baby Anti-Fall Head Protection Pillow, Breathable Toddler Safety Cushion, Soft Head Guard Pad for Kids Learning to Walk, Sh","1pcs-baby-anti-fall-head-protection-pillow-breathable-toddler-safety-cushion-soft-head-guard-pad-for-kids-learning-to-walk-sh","DRAFT","H1_RISK_HOLD","HOLD_RISK_REVIEW","Keep held until safety/claims/IP/compliance review is complete.","Required safety/compliance/IP evidence recorded and product approved, or final hold/reject/archive."
"24","6_RISK_EVIDENCE_OR_REJECT","2023 Fashion Men Watches Luxury Brand Fashion Mens Quartz Watch Luminous Hands Male Clock Big Dial Waterproof Man Wristwatch","2023-fashion-men-watches-luxury-brand-fashion-mens-quartz-watch-luminous-hands-male-clock-big-dial-waterproof-man-wristwatch","DRAFT","H1_RISK_HOLD","HOLD_CONTENT_COMPLIANCE_REVIEW","Keep Draft; remove or substantiate waterproof/luminous/brand claims, verify battery/material specifications and labeling, then reconsider for quoting.","Required safety/compliance/IP evidence recorded and product approved, or final hold/reject/archive."
"25","6_RISK_EVIDENCE_OR_REJECT","21 Heated Vest Zones Electric Heated Jackets Men Women Sportswear Heated Coat Graphene Heat Coat USB Heating Jacket For Camping","21-heated-vest-zones-electric-heated-jackets-men-women-sportswear-heated-coat-graphene-heat-coat-usb-heating-jacket-for-camping","DRAFT","H1_RISK_HOLD","HOLD_RISK_REVIEW","Keep held until safety/claims/IP/compliance review is complete.","Required safety/compliance/IP evidence recorded and product approved, or final hold/reject/archive."
"26","6_RISK_EVIDENCE_OR_REJECT","9 Heated Vest Zones Electric Heated Jackets Men Women","9-heated-vest-zones-electric-heated-jackets-men-women-sportswear-heated-coat-graphene-heat-coat-usb-heating-jacket-for-camping","DRAFT","H1_RISK_HOLD","HOLD_RISK_REVIEW","Keep held until safety/claims/IP/compliance review is complete.","Required safety/compliance/IP evidence recorded and product approved, or final hold/reject/archive."
"27","6_RISK_EVIDENCE_OR_REJECT","Baby head pillow anti-fall device Head protective pad summer anti-bump head learning to walk baby four seasons toddler hat","baby-head-pillow-anti-fall-device-head-protective-pad-summer-anti-bump-head-learning-to-walk-baby-four-seasons-toddler-hat","DRAFT","H1_RISK_HOLD","HOLD_RISK_REVIEW","Keep held until safety/claims/IP/compliance review is complete.","Required safety/compliance/IP evidence recorded and product approved, or final hold/reject/archive."
"28","6_RISK_EVIDENCE_OR_REJECT","Baby Music Activity Gym Rug Play Mat Newborn Carpet Pedal","baby-music-activity-gym-rug-play-mat-newborn-carpet-pedal-piano-keyboard-infant-fitness-rack-playmat-crawling-game-pad-toys-gift","DRAFT","H1_RISK_HOLD","HOLD_RISK_REVIEW","Keep held until safety/claims/IP/compliance review is complete.","Required safety/compliance/IP evidence recorded and product approved, or final hold/reject/archive."
"29","6_RISK_EVIDENCE_OR_REJECT","Bath Toy Storage Mesh","baby-shower-bath-toys-white-baby-kids-toy-storage-mesh-with-strong-suction-cups-toy-bag-net-bathroom-organizer-for-kids-toddlers","DRAFT","H1_RISK_HOLD","HOLD_RISK_REVIEW","Keep held until safety/claims/IP/compliance review is complete.","Required safety/compliance/IP evidence recorded and product approved, or final hold/reject/archive."
"30","6_RISK_EVIDENCE_OR_REJECT","Cute Duck Night Light","cute-duck-night-light","DRAFT","H1_RISK_HOLD","HOLD_RISK_REVIEW","Keep held until safety/claims/IP/compliance review is complete.","Required safety/compliance/IP evidence recorded and product approved, or final hold/reject/archive."
"31","6_RISK_EVIDENCE_OR_REJECT","Hand-Controlled Mini RC Drone","watch-wrist-hand-controlled-induction-rc-drone-mini-rechargeable-helicopter-with-led-lights","DRAFT","H1_RISK_HOLD","HOLD_RISK_REVIEW","Keep held until safety/claims/IP/compliance review is complete.","Required safety/compliance/IP evidence recorded and product approved, or final hold/reject/archive."
"32","6_RISK_EVIDENCE_OR_REJECT","Head Back Protector Baby Protect Pillow Learn Walk Head","head-back-protector-baby-protect-pillow-learn-walk-head-protector-cushion-anti-fall-backward-cap-carry-cartoon-kids-safe-bibi","DRAFT","H1_RISK_HOLD","HOLD_RISK_REVIEW","Keep held until safety/claims/IP/compliance review is complete.","Required safety/compliance/IP evidence recorded and product approved, or final hold/reject/archive."
"33","6_RISK_EVIDENCE_OR_REJECT","Jade Roller Face Massager","jade-roller-face-massager","DRAFT","H1_RISK_HOLD","MAPPED_SHIPPING_PASS_RISK_HOLD","Keep Draft for hygiene/beauty review and supplier-metadata synchronization; do not activate from shipping evidence alone.","Required safety/compliance/IP evidence recorded and product approved, or final hold/reject/archive."
"34","6_RISK_EVIDENCE_OR_REJECT","Nail Glue Phototherapy Pen UV Gel Brush Pen Acrylic Nail Art Painting Drawing Liner Brush Manicure Professionnel Brushes Tool","nail-glue-phototherapy-pen-uv-gel-brush-pen-acrylic-nail-art-painting-drawing-liner-brush-manicure-professionnel-brushes-tool","DRAFT","H1_RISK_HOLD","HOLD_CONTENT_COMPLIANCE_REVIEW","Supplier ingredient/SDS and compliant labeling evidence, or confirmed non-chemical brush-only mapping.","Required safety/compliance/IP evidence recorded and product approved, or final hold/reject/archive."
"35","6_RISK_EVIDENCE_OR_REJECT","Pet Supplies Duck Goose Shoes Pet Cole Foot Poultry Boots Pet Duck Boots with Protective Soles Protective Shoe Set Pet Products","pet-supplies-duck-goose-shoes-pet-cole-foot-poultry-boots-pet-duck-boots-with-protective-soles-protective-shoe-set-pet-products","DRAFT","H1_RISK_HOLD","HOLD_CONTENT_COMPLIANCE_REVIEW","Species-specific sizing, material, supervision, and welfare/safe-use evidence before reconsideration.","Required safety/compliance/IP evidence recorded and product approved, or final hold/reject/archive."
"36","6_RISK_EVIDENCE_OR_REJECT","Resistance Bands Set - Exercise & Fitness","resistance-bands-set-exercise-fitness","DRAFT","H1_RISK_HOLD","HOLD_RISK_REVIEW","Keep held until safety/claims/IP/compliance review is complete.","Required safety/compliance/IP evidence recorded and product approved, or final hold/reject/archive."
"37","6_RISK_EVIDENCE_OR_REJECT","RGB LED Strip Lights 5m-30m with APP Control","rgb-led-strip-lights-5m-30m-with-app-control","DRAFT","H1_RISK_HOLD","HOLD_RISK_REVIEW","Keep held until safety/claims/IP/compliance review is complete.","Required safety/compliance/IP evidence recorded and product approved, or final hold/reject/archive."
"38","6_RISK_EVIDENCE_OR_REJECT","Solar Fairy String Lights for Outdoor Decor","crystal-waterdrop-led-string-lights-solar-battery-usb-waterproof-outdoor-garden-decor","DRAFT","H1_RISK_HOLD","HOLD_RISK_REVIEW","Keep held until safety/claims/IP/compliance review is complete.","Required safety/compliance/IP evidence recorded and product approved, or final hold/reject/archive."
"39","6_RISK_EVIDENCE_OR_REJECT","Summer Men's MJ Michael Jackson Printed 100%CottonNeutral","summer-mens-mj-michael-jackson-printed-100-cottonneutral-o-neck-short-sleeve-mens-and-womens-fashion-hip-hop-t-shirt-fan-gift","DRAFT","H1_RISK_HOLD","HOLD_CONTENT_COMPLIANCE_REVIEW","Documented authorization or licensed supplier provenance; otherwise reject.","Required safety/compliance/IP evidence recorded and product approved, or final hold/reject/archive."
"40","6_RISK_EVIDENCE_OR_REJECT","USB Heated Cushion 43x43cm Electric Blanket","usb-heated-cushion-43x43cm-electric-blanket","ARCHIVED","H1_RISK_HOLD","HOLD_RISK_REVIEW","Keep held until safety/claims/IP/compliance review is complete.","Required safety/compliance/IP evidence recorded and product approved, or final hold/reject/archive."
"41","6_RISK_EVIDENCE_OR_REJECT","Women Fake Piercing Nose Ring Hoop Septum Piercing Nose Clip Rock HipHoop Stainless Steel Magnet Fashion Body Jewelry Wholesale","women-fake-piercing-nose-ring-hoop-septum-piercing-nose-clip-rock-hiphoop-stainless-steel-magnet-fashion-body-jewelry-wholesale","DRAFT","H1_RISK_HOLD","HOLD_CONTENT_COMPLIANCE_REVIEW","Material composition, nickel/heavy-metal compliance evidence, and cleaned customer-facing content.","Required safety/compliance/IP evidence recorded and product approved, or final hold/reject/archive."
"42","6_RISK_EVIDENCE_OR_REJECT","ZWN 2.4G Remote Control Excavator Dump Truck RC Model Car Toy Professional Alloy Plastic Simulation Construction Vehicle for Kid","zwn-2-4g-remote-control-excavator-dump-truck-rc-model-car-toy-professional-alloy-plastic-simulation-construction-vehicle-for-kid","DRAFT","H1_RISK_HOLD","HOLD_RISK_REVIEW","Keep held until safety/claims/IP/compliance review is complete.","Required safety/compliance/IP evidence recorded and product approved, or final hold/reject/archive."
"43","7_ARCHIVE_CONFIRMED_REJECTS","1-20Packs 100Pcs/Pack Wooden Sticks Baby Cotton Swabs Cleaning of Ears Tampons Health Beauty Cotton Swab Cleaning Cotton Buds","1-20packs-100pcs-pack-wooden-sticks-baby-cotton-swabs-cleaning-of-ears-tampons-health-beauty-cotton-swab-cleaning-cotton-buds","DRAFT","H5_CONFIRMED_CONTENT_COMPLIANCE_REJECT","REJECT_CONTENT_COMPLIANCE","Keep Draft and excluded; reconsider only with complete supplier compliance documentation and legally reviewed claims.","Product archived and absent from launch channels."
"44","7_ARCHIVE_CONFIRMED_REJECTS","Halloween Elsa Dress for Girls Children Party Princess Costume Kids Disguise with Long Cloak Girl Snow Queen Carnival Clothes","halloween-elsa-dress-for-girls-children-party-princess-costume-kids-disguise-with-long-cloak-girl-snow-queen-carnival-clothes","DRAFT","H5_CONFIRMED_CONTENT_COMPLIANCE_REJECT","REJECT_CONTENT_COMPLIANCE","Keep Draft and excluded; reconsider only with documented licensed supplier provenance and children's apparel compliance evidence.","Product archived and absent from launch channels."
"45","7_ARCHIVE_CONFIRMED_REJECTS","New Heated Rivalry Hockey Jersey Long Sleeves Tee Men's","new-heated-rivalry-hockey-jersey-long-sleeves-tee-mens-womens-rozanov-hollander-t-shirt-unisex-tops-pullovers","DRAFT","H5_CONFIRMED_CONTENT_COMPLIANCE_REJECT","REJECT_CONTENT_COMPLIANCE","Keep Draft and excluded; reconsider only with documented licensed supplier provenance.","Product archived and absent from launch channels."
"46","7_ARCHIVE_CONFIRMED_REJECTS","Rhinitis Nasal Irrigator Washing for Children Silicone Baby Nasal Aspirator Syringe Baby Nose Cleaner Kids Nasal Washer Reusable","rhinitis-nasal-irrigator-washing-for-children-silicone-baby-nasal-aspirator-syringe-baby-nose-cleaner-kids-nasal-washer-reusable","DRAFT","H5_CONFIRMED_CONTENT_COMPLIANCE_REJECT","REJECT_CONTENT_COMPLIANCE","Keep Draft and excluded; reconsider only after regulatory classification and complete supplier compliance documentation.","Product archived and absent from launch channels."
