title,usd_cost_range,cad_cost_range,cad_price_range,stock
"Solar Fairy String Lights for Outdoor Decor","3.76 ~ 7.28","5.30~10.27","13.24~25.66","197"
"Hand-Controlled Mini RC Drone","9.19 ~ 10.14","12.96~14.30","17.81~51.99","31"
"Women Fake Piercing Nose Ring Hoop Septum Piercing Nose Clip Rock HipHoop Stainless Steel Magnet Fashion Body Jewelry Wholesale","1.65 ~ 1.82","2.33~2.57","6.05~6.72","5696"
"Adjustable Raised Pet Bowl Set","10.85 ~ 12.44","15.30~17.54","34.99","14"
"15cm Women's Rabbit Fur Keychain Bag Car Pendant Jewelry Decoration Fashionable Accessory for Bags And Gifts","2.68 ~ 3.72","3.78~5.25","9.81~13.64","61"
"Compact Manicure Set","2.68 ~ 5.35","3.78~7.54","9.46~18.81","235"
"1:16 Remote-Control Monster Truck","16.77 ~ 25.26","23.65~35.62","92.99","30"
"1:64 RC Construction Vehicle Set","15.87 ~ 18.72","22.38~26.40","56.99","70"
"Travel Pet Water Bottle","3.49 ~ 3.56","4.92~5.02","19.99","23"
"Pet Supplies Duck Goose Shoes Pet Cole Foot Poultry Boots Pet Duck Boots with Protective Soles Protective Shoe Set Pet Products","6.42 ~ 6.86","9.05~9.67","22.61~24.12","125"
"No-Drill Shower Shelf","12.63 ~ 23.58","17.81~33.25","44.48~83.05","9981"
"ZWN 2.4G Remote Control Excavator Dump Truck RC Model Car Toy Professional Alloy Plastic Simulation Construction Vehicle for Kid","12.4 ~ 33.94","17.49~47.86","44.58~119.62","17"
"1/2PCS Men Business Watches Fashion Men's Steel Band Quartz Watch with Bracelet（Box not Included）","2.86 ~ 4.21","4.03~5.94","10.51~15.44","129"
"Nail Glue Phototherapy Pen UV Gel Brush Pen Acrylic Nail Art Painting Drawing Liner Brush Manicure Professionnel Brushes Tool","0.92 ~ 1.56","1.30~2.20","3.38~5.73","118"
"300/280/200/100Pcs Washer Copper Sealing Solid Gasket Washer Sump Plug Oil For Boat Crush Flat Seal Ring Tool","4.39 ~ 14.69","6.19~20.72","16.10~53.97","140"
"Digital Watch & Jewellery Gift Set","13.05 ~ 13.43","18.40~18.94","36.99","1748"
"Everyday Carabiner Clip Set","2.07 ~ 2.08","2.92~2.93","14.99","47"
"2023 Fashion Men Watches Luxury Brand Fashion Mens Quartz Watch Luminous Hands Male Clock Big Dial Waterproof Man Wristwatch","1.71 ~ 3.16","2.41~4.46","6.05~11.15","86"
"3PCS/Set Men Business Watches Casual Leather Band Analog Male's Quartz Watch Necklace Bracelet Set","3.22 ~ 3.56","4.54~5.02","11.60~12.80","268"
"Outdoor Cycling Sunglasses","4.56 ~ 4.78","6.43~6.74","16.49~17.62","1012"
"1-20Packs 100Pcs/Pack Wooden Sticks Baby Cotton Swabs Cleaning of Ears Tampons Health Beauty Cotton Swab Cleaning Cotton Buds","2.97 ~ 12.3","4.19~17.35","10.51~45.18","1000161"
"Magnetic Hair Clip","3.24 ~ 5.12","4.57~7.22","11.29~18.04","14"
"Compact Bicycle Bell","1.78 ~ 2.58","2.51~3.64","14.99","536"
"Everyday Zip Hoodie","6.71 ~ 9.99","9.46~14.09","24.49~35.13","366"
"Men's High-Neck Knit Sweater","10.72 ~ 13.51","15.12~19.05","39.99~44.49","24868"
"Everyday Polarized Sunglasses","6.22 ~ 8.28","8.77~11.68","29.99","104281"
"Men's Cotton-Linen Wide-Leg Pants","8.18 ~ 11.07","11.54~15.61","39.40","111940"
"21 Heated Vest Zones Electric Heated Jackets Men Women Sportswear Heated Coat Graphene Heat Coat USB Heating Jacket For Camping","15.32 ~ 31.14","21.61~43.92","53.94~109.67","716"
"Summer Men's Shorts Cool Sportswear Running Sport Shorts Casual Bottoms Gym Fitness Training Jogging Short Pants Men Black Gray","3.44 ~ 5.66","4.85~7.98","12.66~20.78","1116"
"Everyday 100% Cotton T-Shirt","19.02 ~ 21.55","26.82~30.39","45.99","37"
"Everyday Pullover Hoodie","15.76 ~ 19.78","22.23~27.89","54.99","299957"
"Car Sun Visor Organizer","1.16 ~ 2.3","1.64~3.24","14.99","53"
"Thermal Underwear Tops Men Winter Clothes Thermal Shirt Autumn Men's Winter Tights High Neck Thin Slim Fit Long Sleeve T-shirt","4.09 ~ 5.53","5.77~7.80","14.38~19.48","1163"
"Adjustable Rhinestone Ring","2.44 ~ 2.5","3.44~3.53","14.99","44"
"9 Heated Vest Zones Electric Heated Jackets Men Women","18.35 ~ 20.74","25.88~29.25","54.99","79"
"Precision Nail Clippers","1.42 ~ 2.2","2.00~3.10","12.99","2"
"Long-Sleeve Performance Tee","5.84 ~ 7.98","8.24~11.25","22.99~29.04","239"
"2024 Mens Print Pants Autumn/Winter New In Men's Clothing Trousers Sport Jogging Fitness Running Trousers Harajuku Streetwear","6.2 ~ 7.63","8.74~10.76","22.78~28.02","160"
"Everyday Fleece Joggers","8.36 ~ 11.84","11.79~16.70","28.23~39.98","510"
"New Heated Rivalry Hockey Jersey Long Sleeves Tee Men's","10.37 ~ 11.38","14.62~16.05","52.99","3929"
"Quick-Dry Training Shorts","5.17 ~ 6.95","7.29~9.80","25.99","9976"
"Breezy Everyday Pants","6.3 ~ 9.08","8.88~12.81","24.49~33.40","12497"
"Everyday Performance Shorts","9.74 ~ 15.62","13.74~22.03","34.32~54.99","780"
"Multi-Use Organizer Hooks","1.62 ~ 3.07","2.28~4.33","14.99~15.49","15"
"Long-Handle Bottle Brush","0.96 ~ 1.84","1.35~2.59","11.99","25"
"Summer Men's MJ Michael Jackson Printed 100%CottonNeutral","10.11 ~ 11.29","14.26~15.92","32.99","4292"
"Bath Toy Storage Mesh","4.26 ~ 4.75","6.01~6.70","19.99","25"
"Halloween Elsa Dress for Girls Children Party Princess Costume Kids Disguise with Long Cloak Girl Snow Queen Carnival Clothes","10.1 ~ 23.11","14.24~32.59","35.55~81.36","355"
"Head Back Protector Baby Protect Pillow Learn Walk Head","23.65","33.35","83.23","2"
"Summer Spring Candy Color Kids Pantyhose Ballet Dance Tights for Girls Stocking Children Velvet Solid White Pantyhose","2.24 ~ 2.38","3.16~3.36","8.19~8.76","9194"
"Baby head pillow anti-fall device Head protective pad summer anti-bump head learning to walk baby four seasons toddler hat","4.2 ~ 4.38","5.92~6.18","14.77~15.44","6"
"New Girl Dresses Princess Costume Kids Mermaid Cosplay Costume Kids Carnival Birthday Party Prom Costume Party Dresses For girls","9.56 ~ 31.54","13.48~44.48","33.68~111.00","395"
"Windproof Infant Stroller Gloves Children's Outdoor Sports Mittens Cartoon Printed Hands Warmer Scooter Accessory for Winter","6.24 ~ 6.66","8.80~9.39","21.94~23.45","37"
"Baby Music Activity Gym Rug Play Mat Newborn Carpet Pedal","13.07 ~ 13.96","18.43~19.69","48.03~49.12","4"
"1PCS Baby Anti-Fall Head Protection Pillow, Breathable Toddler Safety Cushion, Soft Head Guard Pad for Kids Learning to Walk, Sh","6.29 ~ 15.72","8.87~22.17","23.03~57.73","13"
"Rhinitis Nasal Irrigator Washing for Children Silicone Baby Nasal Aspirator Syringe Baby Nose Cleaner Kids Nasal Washer Reusable","1.92 ~ 4.1","2.71~5.78","7.07~15.05","6978"
"Kids Toddler Foot Measure Gauge Shoes Size Measuring Ruler Tool Baby Boy Girl Children's Foot Length Measuring Ruler Fittings","1.69 ~ 2.59","2.38~3.65","5.91~9.11","39"
