"product_title","handle","variant_title","variant_id","control","available_for_sale","inventory_quantity","evidence_date","remaining_gate"
"Children's Foot Measuring Gauge","kids-toddler-foot-measure-gauge-shoes-size-measuring-ruler-tool-baby-boy-girl-childrens-foot-length-measuring-ruler-fittings","blue","49738545070330","INVENTORY_ZERO_DENY_OVERSELL","False","0","2026-07-26","Supplier replacement or product evidence/compliance review before activation."
"Children's Solid-Color Tights","summer-spring-candy-color-kids-pantyhose-ballet-dance-tights-for-girls-stocking-children-velvet-solid-white-pantyhose","Pink / 1 to 2 Yrs / China Mainland","49738546938106","INVENTORY_ZERO_DENY_OVERSELL","False","0","2026-07-26","Supplier replacement or product evidence/compliance review before activation."
"Copper Washer Assortment","300-280-200-100pcs-washer-copper-sealing-solid-gasket-washer-sump-plug-oil-for-boat-crush-flat-seal-ring-tool","200Pcs M5-M14","49738576494842","INVENTORY_ZERO_DENY_OVERSELL","False","0","2026-07-26","Supplier replacement or product evidence/compliance review before activation."
"Everyday Crew-Neck T-Shirt","100-pure-cotton-t-shirt-with-round-neck-shoulder-design-for-both-men-women-summer-solid-color-short-sleeved-casual-loose-fit","Black / L","49738561421562","INVENTORY_ZERO_DENY_OVERSELL","False","0","2026-07-26","Supplier replacement or product evidence/compliance review before activation."
"Men's Everyday Shorts","summer-mens-shorts-cool-sportswear-running-sport-shorts-casual-bottoms-gym-fitness-training-jogging-short-pants-men-black-gray","XXXL / Dark Blue 001","49738562044154","INVENTORY_ZERO_DENY_OVERSELL","False","0","2026-07-26","Supplier replacement or product evidence/compliance review before activation."
"Men's High-Neck Base-Layer Top","thermal-underwear-tops-men-winter-clothes-thermal-shirt-autumn-mens-winter-tights-high-neck-thin-slim-fit-long-sleeve-t-shirt","Coffee / 3L","49738558111994","INVENTORY_ZERO_DENY_OVERSELL","False","0","2026-07-26","Supplier replacement or product evidence/compliance review before activation."
"Printed Children's Winter Mittens","windproof-infant-stroller-gloves-childrens-outdoor-sports-mittens-cartoon-printed-hands-warmer-scooter-accessory-for-winter","C","49738546053370","INVENTORY_ZERO_DENY_OVERSELL","False","0","2026-07-26","Supplier replacement or product evidence/compliance review before activation."
"Printed Children's Winter Mittens","windproof-infant-stroller-gloves-childrens-outdoor-sports-mittens-cartoon-printed-hands-warmer-scooter-accessory-for-winter","E","49738546118906","INVENTORY_ZERO_DENY_OVERSELL","False","0","2026-07-26","Supplier replacement or product evidence/compliance review before activation."
"Printed Children's Winter Mittens","windproof-infant-stroller-gloves-childrens-outdoor-sports-mittens-cartoon-printed-hands-warmer-scooter-accessory-for-winter","F","49738546086138","INVENTORY_ZERO_DENY_OVERSELL","False","0","2026-07-26","Supplier replacement or product evidence/compliance review before activation."
